ID,種類,地域,市区町村コード,都道府県名,市区町村名,地区名,最寄駅：名称,最寄駅：距離（分）,間取り,面積（㎡）,土地の形状,間口,延床面積（㎡）,建築年,建物の構造,用途,今後の利用目的,前面道路：方位,前面道路：種類,前面道路：幅員（ｍ）,都市計画,建ぺい率（％）,容積率（％）,取引時点,改装,取引の事情等,取引価格（総額）_log
39003446,中古マンション等,,39201,高知県,高知市,比島町,高知,15,３ＬＤＫ,65,,,,平成5年,ＳＲＣ,住宅,住宅,,,,第１種住居地域,60.0,200.0,2016年第2四半期,未改装,,7.041392685158225
39001222,中古マンション等,,39201,高知県,高知市,鴨部,旭(高知),21,２ＬＤＫ,70,,,,昭和52年,ＳＲＣ,住宅,住宅,,,,第１種住居地域,60.0,200.0,2019年第2四半期,改装済,,7.113943352306837
39026619,中古マンション等,,39201,高知県,高知市,北本町,高知,7,３ＬＤＫ,80,,,,平成20年,ＲＣ,住宅,,,,,近隣商業地域,80.0,300.0,2009年第2四半期,未改装,,7.342422680822207
39024266,中古マンション等,,39201,高知県,高知市,桟橋通,高知,30分?60分,４ＬＤＫ,80,,,,平成13年,ＳＲＣ,住宅,,,,,商業地域,80.0,400.0,2013年第4四半期,改装済,,7.041392685158225
39015966,中古マンション等,,39201,高知県,高知市,鴨部,高知商業前,20,２ＬＤＫ,60,,,,平成14年,ＳＲＣ,住宅,,,,,第１種中高層住居専用地域,60.0,200.0,2011年第1四半期,未改装,,6.977723605288848
39003697,中古マンション等,,39201,高知県,高知市,升形,入明,20,,65,,,,平成3年,ＲＣ,住宅,住宅,,,,第１種住居地域,60.0,200.0,2017年第2四半期,未改装,,7.0
39000330,中古マンション等,,39201,高知県,高知市,薊野西町,薊野,5,２ＬＤＫ,75,,,,平成17年,ＲＣ,住宅,住宅,,,,第２種住居地域,60.0,200.0,2019年第3四半期,改装済,,7.301029995663981
39023635,中古マンション等,,39201,高知県,高知市,旭町,旭(高知),5,２ＬＤＫ,60,,,,昭和61年,ＳＲＣ,住宅,,,,,近隣商業地域,80.0,300.0,2013年第2四半期,未改装,,6.778151250383644
39019014,中古マンション等,,39201,高知県,高知市,比島町,高知,15,３ＬＤＫ,65,,,,平成5年,ＳＲＣ,住宅,住宅,,,,第１種住居地域,60.0,200.0,2015年第1四半期,未改装,,6.977723605288848
39001373,中古マンション等,,39201,高知県,高知市,九反田,高知,24,１ＤＫ,55,,,,平成19年,ＲＣ,住宅,住宅,,,,第１種住居地域,60.0,200.0,2020年第2四半期,未改装,,7.230448921378274
39026623,中古マンション等,,39201,高知県,高知市,北本町,,,３ＬＤＫ,85,,,,,ＲＣ,住宅,,,,,,,,2009年第2四半期,改装済,,7.278753600952829
39012548,中古マンション等,,39201,高知県,高知市,追手筋,高知,18,,310,,,,昭和55年,ＳＲＣ,その他,,,,,商業地域,80.0,500.0,2014年第4四半期,,,7.176091259055681
39020848,中古マンション等,,39201,高知県,高知市,桟橋通,高知,30分?60分,３ＬＤＫ,65,,,,平成13年,ＳＲＣ,住宅,,,,,商業地域,80.0,400.0,2012年第2四半期,改装済,,6.954242509439325
39012587,中古マンション等,,39201,高知県,高知市,鴨部,旭(高知),15,３ＬＤＫ,70,,,,,ＳＲＣ,住宅,,,,,,,,2014年第1四半期,未改装,,6.845098040014257
39024448,中古マンション等,,39201,高知県,高知市,針木東町,朝倉(ＪＲ),30分?60分,３ＬＤＫ,80,,,,平成15年,ＳＲＣ,住宅,,,,,準工業地域,60.0,200.0,2013年第2四半期,改装済,,7.146128035678238
39000701,中古マンション等,,39201,高知県,高知市,一宮東町,土佐一宮,18,３ＬＤＫ,70,,,,平成14年,ＳＲＣ,住宅,住宅,,,,準工業地域,60.0,200.0,2020年第2四半期,未改装,,7.146128035678238
39003436,中古マンション等,,39201,高知県,高知市,比島町,高知,10,３ＬＤＫ,75,,,,平成4年,ＳＲＣ,住宅,住宅,,,,近隣商業地域,80.0,200.0,2017年第4四半期,改装済,,7.230448921378274
39000169,中古マンション等,,39201,高知県,高知市,朝倉西町,朝倉(ＪＲ),25,４ＬＤＫ,70,,,,平成3年,ＲＣ,,住宅,,,,第１種住居地域,60.0,200.0,2020年第2四半期,,,7.079181246047625
39000327,中古マンション等,,39201,高知県,高知市,薊野西町,薊野,5,４ＬＤＫ,95,,,,平成17年,ＳＲＣ,,住宅,,,,第２種住居地域,60.0,200.0,2020年第1四半期,,,7.414973347970818
39018243,中古マンション等,,39201,高知県,高知市,上町,旭(高知),24,１ＤＫ,20,,,,平成3年,ＲＣ,住宅,住宅,,,,第１種住居地域,60.0,200.0,2015年第4四半期,未改装,,6.544068044350276
39026478,中古マンション等,,39201,高知県,高知市,一宮東町,土佐一宮,16,３ＬＤＫ,70,,,,昭和61年,ＲＣ,住宅,,,,,準工業地域,60.0,200.0,2009年第3四半期,未改装,,6.903089986991944
39012999,中古マンション等,,39201,高知県,高知市,升形,円行寺口,21,３ＬＤＫ,70,,,,平成8年,ＲＣ,住宅,住宅,,,,第１種住居地域,60.0,200.0,2014年第3四半期,未改装,,7.146128035678238
39029103,中古マンション等,,39201,高知県,高知市,桜馬場,円行寺口,10,１Ｋ,20,,,,平成4年,ＳＲＣ,住宅,,,,,近隣商業地域,80.0,300.0,2008年第1四半期,改装済,,5.633468455579586
39002900,中古マンション等,,39201,高知県,高知市,針木東町,朝倉(ＪＲ),30分?60分,３ＬＤＫ,65,,,,昭和59年,ＲＣ,住宅,住宅,,,,第１種中高層住居専用地域,60.0,200.0,2016年第2四半期,未改装,,6.698970004336019
39020435,中古マンション等,,39201,高知県,高知市,永国寺町,入明,15,２ＬＤＫ,75,,,,平成16年,ＲＣ,住宅,,,,,第１種住居地域,60.0,200.0,2012年第1四半期,未改装,,7.230448921378274
39026979,中古マンション等,,39201,高知県,高知市,比島町,高知,9,２ＬＤＫ,55,,,,平成4年,ＳＲＣ,住宅,,,,,近隣商業地域,80.0,200.0,2009年第3四半期,未改装,,6.968482948553935
39024268,中古マンション等,,39201,高知県,高知市,桟橋通,高知,20,４ＬＤＫ,80,,,,平成4年,ＳＲＣ,住宅,,,,,商業地域,80.0,400.0,2013年第4四半期,未改装,,6.832508912706237
39015785,中古マンション等,,39201,高知県,高知市,越前町,円行寺口,6,３ＬＤＫ,75,,,,平成22年,ＲＣ,住宅,,,,,近隣商業地域,80.0,300.0,2011年第3四半期,未改装,,7.491361693834273
39015792,中古マンション等,,39201,高知県,高知市,越前町,円行寺口,6,４ＬＤＫ,75,,,,平成22年,ＲＣ,住宅,,,,,近隣商業地域,80.0,300.0,2011年第1四半期,未改装,,7.491361693834273
39015537,中古マンション等,,39201,高知県,高知市,薊野西町,薊野,5,２ＬＤＫ,60,,,,平成17年,ＳＲＣ,住宅,,,,,第２種住居地域,60.0,200.0,2011年第1四半期,未改装,,7.2552725051033065
39029655,中古マンション等,,39201,高知県,高知市,南ノ丸町,高知,30分?60分,１ＤＫ,40,,,,昭和49年,ＳＲＣ,住宅,,,,,工業地域,60.0,200.0,2008年第2四半期,未改装,,6.431363764158987
39026620,中古マンション等,,39201,高知県,高知市,北本町,高知,7,３ＬＤＫ,80,,,,平成20年,ＲＣ,住宅,,,,,近隣商業地域,80.0,300.0,2009年第2四半期,未改装,,7.3222192947339195
39020175,中古マンション等,,39201,高知県,高知市,朝倉西町,朝倉(ＪＲ),25,４ＬＤＫ,70,,,,平成3年,ＲＣ,住宅,,,,,第１種住居地域,60.0,200.0,2012年第4四半期,未改装,,6.857332496431268
39001128,中古マンション等,,39201,高知県,高知市,葛島,高知,30分?60分,４ＬＤＫ,95,,,,平成15年,ＳＲＣ,住宅,住宅,,,,準工業地域,60.0,200.0,2016年第3四半期,未改装,,7.2552725051033065
39016158,中古マンション等,,39201,高知県,高知市,神田,旭(高知),30分?60分,２ＤＫ,35,,,,昭和59年,鉄骨造,住宅,,,,,第１種中高層住居専用地域,60.0,200.0,2011年第4四半期,未改装,,5.6020599913279625
39016590,中古マンション等,,39201,高知県,高知市,廿代町,高知,11,,25,,,,平成2年,ＳＲＣ,住宅,,,,,商業地域,80.0,500.0,2011年第3四半期,未改装,,6.3222192947339195
39027028,中古マンション等,,39201,高知県,高知市,南ノ丸町,高知,30分?60分,２ＬＤＫ,40,,,,昭和49年,ＳＲＣ,住宅,,,,,工業地域,60.0,200.0,2009年第3四半期,未改装,,6.2552725051033065
39015393,中古マンション等,,39201,高知県,高知市,朝倉,朝倉(ＪＲ),29,３ＬＤＫ,70,,,,昭和62年,ＲＣ,住宅,,,,,第１種中高層住居専用地域,60.0,200.0,2011年第3四半期,未改装,,6.812913356642856
39026591,中古マンション等,,39201,高知県,高知市,鴨部,旭(高知),21,４ＬＤＫ,70,,,,平成6年,ＲＣ,住宅,,,,,準工業地域,60.0,200.0,2009年第3四半期,未改装,調停・競売等,6.799340549453582
39012576,中古マンション等,,39201,高知県,高知市,上町,円行寺口,17,１ＤＫ,20,,,,,ＲＣ,住宅,住宅,,,,,,,2014年第3四半期,未改装,,6.5910646070264995
39015783,中古マンション等,,39201,高知県,高知市,越前町,円行寺口,6,３ＬＤＫ,65,,,,平成22年,ＲＣ,住宅,,,,,近隣商業地域,80.0,300.0,2011年第4四半期,改装済,,7.414973347970818
39026978,中古マンション等,,39201,高知県,高知市,比島町,高知,10,３ＬＤＫ,75,,,,平成4年,ＳＲＣ,住宅,,,,,近隣商業地域,80.0,200.0,2009年第4四半期,未改装,,6.968482948553935
39014346,中古マンション等,,39201,高知県,高知市,比島町,高知,13,３ＬＤＫ,65,,,,平成5年,ＳＲＣ,住宅,,,,,第１種住居地域,60.0,200.0,2010年第1四半期,未改装,,7.041392685158225
39028908,中古マンション等,,39201,高知県,高知市,葛島,高知,30分?60分,４ＬＤＫ,90,,,,平成13年,ＲＣ,住宅,,,,,近隣商業地域,80.0,200.0,2007年第4四半期,未改装,,7.176091259055681
39026977,中古マンション等,,39201,高知県,高知市,比島町,高知,16,３ＬＤＫ,80,,,,平成5年,ＳＲＣ,住宅,,,,,第１種住居地域,60.0,200.0,2009年第4四半期,未改装,,7.113943352306837
39002623,中古マンション等,,39201,高知県,高知市,中宝永町,高知,23,２ＬＤＫ,45,,,,平成2年,ＳＲＣ,住宅,,,,,商業地域,80.0,400.0,2017年第4四半期,,,6.778151250383644
39003751,中古マンション等,,39201,高知県,高知市,南川添,高知,26,３ＬＤＫ,65,,,,平成31年,ＲＣ,,住宅,,,,準工業地域,60.0,200.0,2020年第2四半期,,,7.477121254719663
39024449,中古マンション等,,39201,高知県,高知市,針木東町,朝倉(ＪＲ),30分?60分,３ＬＤＫ,80,,,,平成15年,ＳＲＣ,住宅,,,,,準工業地域,60.0,200.0,2013年第1四半期,未改装,,7.079181246047625
39001346,中古マンション等,,39201,高知県,高知市,北本町,高知,6,３ＬＤＫ,65,,,,昭和58年,ＳＲＣ,住宅,住宅,,,,商業地域,,,2019年第1四半期,改装済,,7.230448921378274
39013559,中古マンション等,,39201,高知県,高知市,北川添,薊野,12,４ＬＤＫ,85,,,,平成15年,ＲＣ,住宅,,,,,準工業地域,60.0,200.0,2010年第2四半期,未改装,,7.278753600952829
39023599,中古マンション等,,39201,高知県,高知市,朝倉,朝倉(ＪＲ),30分?60分,,60,,,,昭和62年,ＲＣ,住宅,,,,,近隣商業地域,80.0,200.0,2013年第1四半期,改装済,,6.939519252618618
39012688,中古マンション等,,39201,高知県,高知市,桜馬場,円行寺口,9,３Ｋ,40,,,,平成4年,ＳＲＣ,住宅,住宅,,,,近隣商業地域,80.0,300.0,2014年第3四半期,未改装,,6.886490725172482
39000282,中古マンション等,,39201,高知県,高知市,旭町,旭(高知),6,,75,,,,昭和61年,ＳＲＣ,住宅,住宅,,,,近隣商業地域,80.0,200.0,2017年第4四半期,未改装,,7.0
39002776,中古マンション等,,39201,高知県,高知市,廿代町,堀詰,9,１Ｒ,20,,,,昭和63年,ＳＲＣ,,住宅,,,,商業地域,80.0,400.0,2018年第2四半期,,,6.690196080028514
39001553,中古マンション等,,39201,高知県,高知市,神田,旭(高知),29,３ＬＤＫ,80,,,,平成15年,ＳＲＣ,住宅,住宅,,,,準工業地域,60.0,200.0,2021年第2四半期,改装済,,7.230448921378274
39026477,中古マンション等,,39201,高知県,高知市,一宮東町,土佐一宮,17,２ＬＤＫ,65,,,,平成14年,ＳＲＣ,住宅,,,,,第１種住居地域,60.0,200.0,2009年第3四半期,改装済,,7.0
39000335,中古マンション等,,39201,高知県,高知市,薊野西町,薊野,5,,95,,,,,,,住宅,,,,第２種住居地域,,,2018年第4四半期,,,7.301029995663981
39001238,中古マンション等,,39201,高知県,高知市,鴨部,旭(高知),14,３ＬＤＫ,70,,,,昭和52年,ＳＲＣ,住宅,住宅,,,,第１種住居地域,60.0,200.0,2017年第2四半期,改装済,,6.903089986991944
39028718,中古マンション等,,39201,高知県,高知市,薊野西町,薊野,5,４ＬＤＫ,95,,,,平成17年,ＲＣ,住宅,,,,,第２種住居地域,60.0,200.0,2007年第3四半期,未改装,,7.414973347970818
39003780,中古マンション等,,39201,高知県,高知市,南御座,高知,25,３ＬＤＫ,65,,,,平成16年,,,その他,,,,準工業地域,60.0,200.0,2019年第4四半期,未改装,,7.301029995663981
39026626,中古マンション等,,39201,高知県,高知市,北本町,,,４ＬＤＫ,100,,,,,ＲＣ,住宅,,,,,,,,2009年第1四半期,未改装,,7.380211241711606
39018330,中古マンション等,,39201,高知県,高知市,北本町,高知,16,２ＬＤＫ,70,,,,平成7年,ＲＣ,住宅,住宅,,,,,,,2015年第4四半期,,,7.113943352306837
39001224,中古マンション等,,39201,高知県,高知市,鴨部,旭(高知),21,３ＬＤＫ,70,,,,昭和52年,ＳＲＣ,住宅,住宅,,,,第１種住居地域,60.0,200.0,2019年第1四半期,改装済,,7.146128035678238
39013450,中古マンション等,,39201,高知県,高知市,追手筋,入明,12,３ＬＤＫ,65,,,,昭和55年,ＳＲＣ,住宅,,,,,商業地域,80.0,500.0,2010年第2四半期,未改装,,6.8512583487190755
39002670,中古マンション等,,39201,高知県,高知市,縄手町,旭(高知),8,２ＬＤＫ,65,,,,,ＲＣ,住宅,,,,,第１種中高層住居専用地域,60.0,200.0,2018年第2四半期,未改装,,7.230448921378274
39002112,中古マンション等,,39201,高知県,高知市,鷹匠町,高知,26,３ＬＤＫ,95,,,,平成16年,ＲＣ,,住宅,,,,商業地域,80.0,400.0,2020年第1四半期,未改装,,7.477121254719663
39026980,中古マンション等,,39201,高知県,高知市,比島町,高知,13,４ＬＤＫ,110,,,,平成5年,ＳＲＣ,住宅,,,,,第１種住居地域,60.0,200.0,2009年第3四半期,未改装,,7.301029995663981
39029707,中古マンション等,,39201,高知県,高知市,六泉寺町,高知,30分?60分,３ＬＤＫ,85,,,,平成10年,ＲＣ,住宅,,,,,第１種住居地域,60.0,200.0,2008年第1四半期,未改装,,7.204119982655925
39028934,中古マンション等,,39201,高知県,高知市,鴨部,旭(高知),21,２ＬＤＫ,70,,,,平成14年,ＳＲＣ,住宅,,,,,,,,2007年第2四半期,改装済,,7.079181246047625
39001815,中古マンション等,,39201,高知県,高知市,桟橋通,高知,29,３ＬＤＫ,75,,,,平成14年,ＳＲＣ,住宅,住宅,,,,商業地域,80.0,400.0,2020年第3四半期,未改装,,7.278753600952829
39028933,中古マンション等,,39201,高知県,高知市,鴨部,旭(高知),21,５ＬＤＫ,85,,,,平成6年,ＲＣ,住宅,,,,,準工業地域,60.0,200.0,2007年第2四半期,未改装,,7.079181246047625
39028963,中古マンション等,,39201,高知県,高知市,北本町,高知,7,４ＬＤＫ,100,,,,平成20年,ＲＣ,住宅,,,,,近隣商業地域,80.0,300.0,2008年第4四半期,,,7.414973347970818
39003700,中古マンション等,,39201,高知県,高知市,升形,入明,20,３ＬＤＫ,75,,,,平成3年,ＲＣ,住宅,住宅,,,,第１種住居地域,60.0,200.0,2016年第3四半期,,,7.146128035678238
39001237,中古マンション等,,39201,高知県,高知市,鴨部,旭(高知),19,４ＬＤＫ,70,,,,平成6年,ＲＣ,住宅,住宅,,,,第１種中高層住居専用地域,60.0,200.0,2017年第2四半期,未改装,,7.0
39024508,中古マンション等,,39201,高知県,高知市,比島町,高知,15,３ＬＤＫ,55,,,,平成5年,ＳＲＣ,住宅,,,,,第１種住居地域,60.0,200.0,2013年第1四半期,改装済,,6.954242509439325
39012687,中古マンション等,,39201,高知県,高知市,桜馬場,入明,11,３Ｋ,40,,,,平成4年,ＳＲＣ,住宅,,,,,近隣商業地域,80.0,300.0,2014年第1四半期,未改装,,6.892094602690481
39029537,中古マンション等,,39201,高知県,高知市,比島町,高知,12,３ＬＤＫ,65,,,,平成5年,ＳＲＣ,住宅,,,,,第１種住居地域,60.0,200.0,2008年第4四半期,改装済,,6.991226075692495
39001249,中古マンション等,,39201,高知県,高知市,鴨部,旭(高知),21,３ＬＤＫ,60,,,,平成6年,ＲＣ,住宅,住宅,,,,準工業地域,60.0,200.0,2016年第2四半期,改装済,,7.079181246047625
39003744,中古マンション等,,39201,高知県,高知市,みづき,円行寺口,28,４ＬＤＫ,95,,,,平成16年,ＳＲＣ,住宅,住宅,,,,第１種住居地域,60.0,200.0,2016年第1四半期,改装済,,7.2552725051033065
39028972,中古マンション等,,39201,高知県,高知市,北本町,夜須,4,２ＬＤＫ,55,,,,昭和58年,ＳＲＣ,住宅,,,,,商業地域,80.0,400.0,2007年第4四半期,改装済,,6.954242509439325
39029546,中古マンション等,,39201,高知県,高知市,一ツ橋町,入明,15,３ＬＤＫ,55,,,,平成6年,ＲＣ,住宅,,,,,,,,2007年第3四半期,未改装,,6.778151250383644
39003975,中古マンション等,,39201,高知県,高知市,六泉寺町,高知,30分?60分,５ＬＤＫ,155,,,,平成10年,ＲＣ,,住宅,,,,第１種住居地域,60.0,200.0,2019年第3四半期,未改装,,7.3222192947339195
39029659,中古マンション等,,39201,高知県,高知市,南はりまや町,高知,14,１Ｋ,20,,,,平成3年,ＳＲＣ,住宅,,,,,商業地域,80.0,400.0,2008年第3四半期,未改装,,6.301029995663981
39012843,中古マンション等,,39201,高知県,高知市,廿代町,堀詰,9,２ＤＫ,45,,,,昭和63年,ＳＲＣ,住宅,住宅,,,,商業地域,80.0,400.0,2014年第4四半期,,,6.929418925714293
39012554,中古マンション等,,39201,高知県,高知市,小津町,入明,9,オープンフロア,25,,,,昭和61年,ＲＣ,事務所,,,,,第１種住居地域,60.0,200.0,2014年第1四半期,未改装,,6.113943352306837
39013760,中古マンション等,,39201,高知県,高知市,桜井町,高知,11,３ＬＤＫ,75,,,,平成2年,ＳＲＣ,住宅,,,,,商業地域,80.0,400.0,2010年第2四半期,改装済,,7.079181246047625
39016798,中古マンション等,,39201,高知県,高知市,比島町,高知,13,３ＬＤＫ,70,,,,平成5年,ＳＲＣ,住宅,,,,,第１種住居地域,60.0,200.0,2011年第4四半期,未改装,,7.079181246047625
39017960,中古マンション等,,39201,高知県,高知市,旭町,旭(高知),7,４ＬＤＫ,85,,,,昭和61年,ＳＲＣ,住宅,住宅,,,,近隣商業地域,80.0,300.0,2015年第4四半期,未改装,,7.041392685158225
39001209,中古マンション等,,39201,高知県,高知市,鴨部,旭(高知),15,３ＬＤＫ,70,,,,昭和52年,ＳＲＣ,,住宅,,,,第１種中高層住居専用地域,60.0,200.0,2020年第3四半期,未改装,,6.845098040014257
39001219,中古マンション等,,39201,高知県,高知市,鴨部,旭(高知),19,２ＬＤＫ,60,,,,平成6年,ＲＣ,住宅,住宅,,,,第１種中高層住居専用地域,60.0,200.0,2019年第4四半期,未改装,,6.903089986991944
39001358,中古マンション等,,39201,高知県,高知市,北本町,高知,5,２ＬＤＫ,65,,,,,ＳＲＣ,住宅,住宅,,,,,,,2017年第2四半期,未改装,,6.886490725172482
39000857,中古マンション等,,39201,高知県,高知市,大津,土佐大津,24,３ＬＤＫ,75,,,,平成13年,ＳＲＣ,住宅,住宅,,,,,,,2021年第2四半期,未改装,,7.230448921378274
39001186,中古マンション等,,39201,高知県,高知市,上町,上町二丁目,4,１ＬＤＫ,25,,,,平成3年,ＲＣ,住宅,住宅,,,,第１種住居地域,60.0,200.0,2017年第1四半期,改装済,,6.491361693834273
39003444,中古マンション等,,39201,高知県,高知市,比島町,高知,15,３ＬＤＫ,65,,,,平成5年,ＳＲＣ,住宅,,,,,第１種住居地域,60.0,200.0,2016年第4四半期,改装済,,7.113943352306837
39012565,中古マンション等,,39201,高知県,高知市,葛島,高知,30分?60分,３ＬＤＫ,95,,,,平成15年,ＳＲＣ,住宅,,,,,準工業地域,60.0,200.0,2014年第1四半期,改装済,,7.361727836017593
39000277,中古マンション等,,39201,高知県,高知市,旭町,旭(高知),6,３ＬＤＫ,75,,,,昭和61年,ＳＲＣ,,住宅,,,,近隣商業地域,80.0,200.0,2019年第2四半期,改装済,,7.2552725051033065
39018117,中古マンション等,,39201,高知県,高知市,潮新町,高知,24,３ＬＤＫ,70,,,,平成14年,ＳＲＣ,住宅,,,,,商業地域,80.0,400.0,2015年第1四半期,,,7.176091259055681
39016354,中古マンション等,,39201,高知県,高知市,鷹匠町,入明,20,３ＬＤＫ,110,,,,平成18年,ＲＣ,住宅,,,,,第１種住居地域,60.0,200.0,2011年第4四半期,改装済,,7.278753600952829
39014470,中古マンション等,,39201,高知県,高知市,南御座,高知,24,２ＬＤＫ,55,,,,平成16年,ＲＣ,住宅,,,,,準工業地域,60.0,200.0,2010年第2四半期,未改装,,7.113943352306837
39020213,中古マンション等,,39201,高知県,高知市,旭町,旭(高知),7,４ＬＤＫ,80,,,,,ＳＲＣ,住宅,,,,,第１種住居地域,60.0,200.0,2012年第1四半期,未改装,,6.991226075692495
39000288,中古マンション等,,39201,高知県,高知市,旭町,旭(高知),6,３ＬＤＫ,70,,,,昭和61年,ＳＲＣ,住宅,住宅,,,,近隣商業地域,80.0,200.0,2016年第2四半期,改装済,,7.079181246047625
39018256,中古マンション等,,39201,高知県,高知市,上町,円行寺口,16,２ＤＫ,45,,,,平成3年,ＲＣ,住宅,住宅,,,,第１種住居地域,60.0,200.0,2015年第3四半期,改装済,,7.113943352306837
39000280,中古マンション等,,39201,高知県,高知市,旭町,旭(高知),6,２ＬＤＫ,70,,,,昭和61年,ＳＲＣ,,住宅,,,,近隣商業地域,80.0,200.0,2018年第3四半期,,,7.113943352306837
39029376,中古マンション等,,39201,高知県,高知市,廿代町,高知,11,１Ｋ,20,,,,平成2年,ＳＲＣ,住宅,,,,,商業地域,80.0,400.0,2007年第4四半期,未改装,,6.477121254719663
39020826,中古マンション等,,39201,高知県,高知市,桜馬場,入明,11,１ＤＫ,20,,,,平成4年,ＳＲＣ,住宅,,,,,近隣商業地域,80.0,300.0,2012年第2四半期,未改装,,6.447158031342219
39003674,中古マンション等,,39201,高知県,高知市,本町,高知,15,２ＬＤＫ,55,,,,平成25年,ＲＣ,住宅,住宅,,,,商業地域,80.0,600.0,2017年第1四半期,未改装,,7.361727836017593
39000287,中古マンション等,,39201,高知県,高知市,旭町,旭(高知),6,２ＬＤＫ,75,,,,昭和61年,ＳＲＣ,住宅,住宅,,,,近隣商業地域,80.0,200.0,2016年第2四半期,改装済,,7.204119982655925
39003965,中古マンション等,,39201,高知県,高知市,吉田町,高知,18,３ＬＤＫ,85,,,,平成14年,ＲＣ,住宅,住宅,,,,第１種中高層住居専用地域,60.0,200.0,2017年第1四半期,未改装,,7.380211241711606
39026616,中古マンション等,,39201,高知県,高知市,北本町,高知,6,４ＬＤＫ,65,,,,昭和58年,ＳＲＣ,住宅,,,,,商業地域,80.0,400.0,2009年第2四半期,未改装,,7.0
39000704,中古マンション等,,39201,高知県,高知市,一宮東町,土佐一宮,16,３ＬＤＫ,70,,,,平成14年,ＳＲＣ,住宅,住宅,,,,準工業地域,60.0,200.0,2019年第2四半期,未改装,,7.146128035678238
39001264,中古マンション等,,39201,高知県,高知市,鴨部,高知商業前,18,,70,,,,,ＳＲＣ,住宅,住宅,,,,,,,2016年第3四半期,,,6.991226075692495
39021546,中古マンション等,,39201,高知県,高知市,南はりまや町,高知,14,１Ｋ,20,,,,平成3年,ＳＲＣ,住宅,,,,,商業地域,80.0,400.0,2012年第4四半期,未改装,,6.342422680822207
39000696,中古マンション等,,39201,高知県,高知市,一宮東町,土佐一宮,16,３ＬＤＫ,70,,,,平成14年,ＳＲＣ,,住宅,,,,準工業地域,60.0,200.0,2020年第4四半期,未改装,,7.176091259055681
39028929,中古マンション等,,39201,高知県,高知市,鴨部,旭(高知),,４ＬＤＫ,70,,,,平成6年,ＲＣ,住宅,,,,,,,,2008年第4四半期,未改装,,6.8750612633917
39000332,中古マンション等,,39201,高知県,高知市,薊野西町,薊野,4,２ＬＤＫ,65,,,,平成17年,ＳＲＣ,住宅,住宅,,,,第２種住居地域,60.0,200.0,2019年第1四半期,未改装,,7.176091259055681
39024507,中古マンション等,,39201,高知県,高知市,比島町,高知,15,３ＬＤＫ,65,,,,平成5年,ＳＲＣ,住宅,,,,,第１種住居地域,60.0,200.0,2013年第1四半期,改装済,,7.113943352306837
39018188,中古マンション等,,39201,高知県,高知市,追手筋,高知,18,３ＬＤＫ,65,,,,昭和55年,ＳＲＣ,住宅,住宅,,,,商業地域,80.0,500.0,2015年第2四半期,,,6.799340549453582
39026622,中古マンション等,,39201,高知県,高知市,北本町,高知,5,３ＬＤＫ,65,,,,昭和58年,ＳＲＣ,住宅,,,,,商業地域,80.0,400.0,2009年第1四半期,未改装,,6.8750612633917
39016870,中古マンション等,,39201,高知県,高知市,升形,円行寺口,21,３ＬＤＫ,65,,,,平成8年,ＲＣ,住宅,,,,,第１種住居地域,60.0,200.0,2011年第4四半期,改装済,,7.041392685158225
39012458,中古マンション等,,39201,高知県,高知市,旭町,旭(高知),6,２ＬＤＫ,65,,,,昭和61年,ＳＲＣ,住宅,住宅,,,,近隣商業地域,80.0,200.0,2014年第3四半期,改装済,,7.079181246047625
39001361,中古マンション等,,39201,高知県,高知市,北本町,高知,6,,85,,,,平成20年,ＲＣ,住宅,住宅,,,,近隣商業地域,80.0,300.0,2016年第4四半期,未改装,,7.361727836017593
39001246,中古マンション等,,39201,高知県,高知市,鴨部,旭(高知),14,３ＬＤＫ,70,,,,昭和52年,ＳＲＣ,住宅,その他,,,,第１種住居地域,60.0,200.0,2016年第3四半期,未改装,,6.544068044350276
39001223,中古マンション等,,39201,高知県,高知市,鴨部,旭(高知),19,４ＬＤＫ,70,,,,平成6年,ＲＣ,住宅,住宅,,,,第１種中高層住居専用地域,60.0,200.0,2019年第1四半期,未改装,,7.0
39013242,中古マンション等,,39201,高知県,高知市,愛宕山,,,２ＬＤＫ,70,,,,,ＲＣ,住宅,,,,,,,,2010年第2四半期,,,7.2552725051033065
39001734,中古マンション等,,39201,高知県,高知市,堺町,高知,13,１Ｋ,30,,,,昭和63年,,,住宅,,,,商業地域,80.0,500.0,2020年第3四半期,,,6.518513939877887
39026624,中古マンション等,,39201,高知県,高知市,北本町,,,３ＬＤＫ,80,,,,,ＲＣ,住宅,,,,,,,,2009年第2四半期,未改装,,7.278753600952829
39019027,中古マンション等,,39201,高知県,高知市,朝倉,朝倉(ＪＲ),29,３ＬＤＫ,70,,,,昭和62年,ＲＣ,住宅,住宅,,,,第１種中高層住居専用地域,60.0,200.0,2021年第1四半期,未改装,,6.799340549453582
39021370,中古マンション等,,39201,高知県,高知市,比島町,高知,14,３ＬＤＫ,65,,,,平成5年,ＳＲＣ,住宅,,,,,第１種住居地域,60.0,200.0,2012年第4四半期,未改装,,6.903089986991944
39029375,中古マンション等,,39201,高知県,高知市,廿代町,高知,11,１Ｋ,20,,,,昭和63年,ＳＲＣ,住宅,,,,,商業地域,80.0,400.0,2007年第4四半期,改装済,,6.6020599913279625
39029403,中古マンション等,,39201,高知県,高知市,針木東町,朝倉(ＪＲ),30分?60分,３ＬＤＫ,80,,,,平成15年,ＳＲＣ,住宅,,,,,準工業地域,60.0,200.0,2007年第3四半期,改装済,,7.2552725051033065
39021547,中古マンション等,,39201,高知県,高知市,南はりまや町,高知,13,１Ｋ,20,,,,平成3年,ＳＲＣ,住宅,,,,,商業地域,80.0,400.0,2012年第4四半期,未改装,,6.079181246047625
39015788,中古マンション等,,39201,高知県,高知市,越前町,円行寺口,6,３ＬＤＫ,65,,,,平成22年,ＲＣ,住宅,,,,,近隣商業地域,80.0,300.0,2011年第2四半期,未改装,,7.342422680822207
39019187,中古マンション等,,39201,高知県,高知市,薊野南町,薊野,8,２ＤＫ,40,,,,昭和61年,鉄骨造,住宅,住宅,,,,第２種住居地域,60.0,200.0,2020年第4四半期,未改装,,6.477121254719663
39013516,中古マンション等,,39201,高知県,高知市,上町,,,１ＤＫ,25,,,,平成3年,ＲＣ,住宅,,,,,,,,2010年第3四半期,改装済,,6.57978359661681
39016626,中古マンション等,,39201,高知県,高知市,針木東町,朝倉(ＪＲ),30分?60分,３ＬＤＫ,80,,,,平成15年,ＳＲＣ,住宅,,,,,準工業地域,60.0,200.0,2011年第3四半期,未改装,,7.113943352306837
39028686,中古マンション等,,39201,高知県,高知市,旭町,旭(高知),7,３ＬＤＫ,70,,,,昭和61年,ＳＲＣ,住宅,,,,,近隣商業地域,80.0,300.0,2008年第3四半期,改装済,,7.079181246047625
39019979,中古マンション等,,39201,高知県,高知市,廿代町,堀詰,9,１Ｋ,20,,,,昭和63年,ＳＲＣ,,,,,,商業地域,80.0,400.0,2021年第2四半期,未改装,,6.4623979978989565
39020244,中古マンション等,,39201,高知県,高知市,薊野西町,薊野,5,４ＬＤＫ,95,,,,,ＲＣ,住宅,,,,,第２種住居地域,60.0,200.0,2012年第3四半期,未改装,,7.146128035678238
39019484,中古マンション等,,39201,高知県,高知市,鴨部,旭(高知),15,３ＬＤＫ,70,,,,昭和52年,ＳＲＣ,住宅,住宅,,,,第１種住居地域,60.0,200.0,2021年第2四半期,未改装,,7.0
39001245,中古マンション等,,39201,高知県,高知市,鴨部,旭(高知),14,３ＬＤＫ,70,,,,昭和52年,ＳＲＣ,住宅,住宅,,,,第１種住居地域,60.0,200.0,2016年第3四半期,改装済,,6.903089986991944
39020440,中古マンション等,,39201,高知県,高知市,越前町,円行寺口,6,３ＬＤＫ,65,,,,平成22年,ＲＣ,住宅,,,,,近隣商業地域,80.0,300.0,2012年第3四半期,改装済,,7.2552725051033065
39026846,中古マンション等,,39201,高知県,高知市,廿代町,高知,12,３ＬＤＫ,70,,,,平成2年,ＳＲＣ,住宅,,,,,商業地域,80.0,400.0,2009年第3四半期,未改装,,7.079181246047625
39028671,中古マンション等,,39201,高知県,高知市,朝倉西町,朝倉(ＪＲ),25,３ＬＤＫ,70,,,,平成3年,ＲＣ,住宅,,,,,第１種住居地域,60.0,200.0,2007年第2四半期,未改装,,7.041392685158225
39026589,中古マンション等,,39201,高知県,高知市,上町,円行寺口,15,１ＤＫ,20,,,,平成3年,ＲＣ,住宅,,,,,第１種住居地域,60.0,200.0,2009年第4四半期,未改装,,6.3979400086720375
39001791,中古マンション等,,39201,高知県,高知市,桜馬場,円行寺口,9,１Ｋ,20,,,,平成4年,ＳＲＣ,住宅,住宅,,,,近隣商業地域,80.0,300.0,2020年第3四半期,改装済,,6.531478917042255
39001831,中古マンション等,,39201,高知県,高知市,桟橋通,桟橋通五丁目,7,３ＬＤＫ,65,,,,平成13年,ＳＲＣ,住宅,住宅,,,,商業地域,80.0,400.0,2019年第1四半期,改装済,,7.079181246047625
39021549,中古マンション等,,39201,高知県,高知市,南はりまや町,高知,13,１Ｋ,20,,,,平成3年,ＳＲＣ,住宅,,,,,商業地域,80.0,400.0,2012年第2四半期,未改装,調停・競売等,6.342422680822207
39029598,中古マンション等,,39201,高知県,高知市,二葉町,高知,30分?60分,３ＬＤＫ,70,,,,昭和49年,ＳＲＣ,住宅,,,,,準工業地域,60.0,200.0,2008年第2四半期,未改装,,6.544068044350276
39019144,中古マンション等,,39201,高知県,高知市,升形,高知,26,１ＤＫ,20,,,,,ＳＲＣ,住宅,,,,,商業地域,80.0,400.0,2015年第4四半期,未改装,,6.5910646070264995
39001830,中古マンション等,,39201,高知県,高知市,桟橋通,高知,22,４ＬＤＫ,80,,,,昭和59年,ＳＲＣ,住宅,住宅,,,,商業地域,80.0,400.0,2016年第1四半期,未改装,,6.892094602690481
39000440,中古マンション等,,39201,高知県,高知市,愛宕山,高知,16,,75,,,,,ＲＣ,住宅,住宅,,,,第１種中高層住居専用地域,60.0,200.0,2017年第3四半期,未改装,,7.361727836017593
39003785,中古マンション等,,39201,高知県,高知市,南御座,高知,24,３ＬＤＫ＋Ｓ,75,,,,平成16年,ＲＣ,住宅,住宅,,,,準工業地域,60.0,200.0,2016年第4四半期,改装済,,7.278753600952829
39003805,中古マンション等,,39201,高知県,高知市,南はりまや町,高知,13,１Ｋ,20,,,,平成3年,ＳＲＣ,,住宅,,,,商業地域,80.0,400.0,2020年第3四半期,,,6.531478917042255
39015917,中古マンション等,,39201,高知県,高知市,鴨部,朝倉(ＪＲ),19,４ＬＤＫ,70,,,,平成4年,ＲＣ,住宅,,,,,第２種中高層住居専用地域,60.0,200.0,2011年第4四半期,改装済,,7.041392685158225
39014418,中古マンション等,,39201,高知県,高知市,升形,円行寺口,20,３ＬＤＫ,70,,,,平成3年,ＲＣ,住宅,,,,,第１種住居地域,60.0,200.0,2010年第2四半期,未改装,,7.113943352306837
39029126,中古マンション等,,39201,高知県,高知市,桟橋通,高知,30分?60分,４ＬＤＫ,80,,,,平成13年,ＳＲＣ,住宅,,,,,商業地域,80.0,400.0,2007年第2四半期,未改装,,7.079181246047625
39016628,中古マンション等,,39201,高知県,高知市,針木東町,朝倉(ＪＲ),30分?60分,３ＬＤＫ,80,,,,平成15年,ＳＲＣ,住宅,,,,,準工業地域,60.0,200.0,2011年第1四半期,未改装,,7.146128035678238
39001250,中古マンション等,,39201,高知県,高知市,鴨部,旭(高知),14,３ＬＤＫ,70,,,,昭和52年,ＳＲＣ,住宅,住宅,,,,第１種住居地域,60.0,200.0,2016年第2四半期,改装済,,6.812913356642856
39019203,中古マンション等,,39201,高知県,高知市,南はりまや町,高知,13,１Ｋ,20,,,,,ＳＲＣ,住宅,住宅,,,,商業地域,80.0,400.0,2015年第4四半期,未改装,,6.342422680822207
39026625,中古マンション等,,39201,高知県,高知市,北本町,,,３ＬＤＫ,95,,,,,ＲＣ,住宅,,,,,,,,2009年第2四半期,未改装,,7.431363764158987
39003743,中古マンション等,,39201,高知県,高知市,みづき,円行寺口,28,２ＬＤＫ,65,,,,平成16年,ＳＲＣ,住宅,住宅,,,,,,,2016年第1四半期,,,7.0
39002669,中古マンション等,,39201,高知県,高知市,縄手町,旭(高知),8,３ＬＤＫ,75,,,,,,,住宅,,,,,,,2019年第2四半期,,,6.919078092376074
39024505,中古マンション等,,39201,高知県,高知市,比島町,高知,15,３ＬＤＫ,65,,,,平成5年,ＳＲＣ,住宅,,,,,第１種住居地域,60.0,200.0,2013年第4四半期,改装済,,7.113943352306837
39016625,中古マンション等,,39201,高知県,高知市,針木東町,朝倉(ＪＲ),30分?60分,３ＬＤＫ,65,,,,昭和59年,ＲＣ,住宅,,,,,第１種中高層住居専用地域,60.0,200.0,2011年第4四半期,未改装,,6.681241237375588
39026613,中古マンション等,,39201,高知県,高知市,北本町,高知,15,２ＬＤＫ,70,,,,平成7年,ＲＣ,住宅,,,,,準工業地域,60.0,200.0,2009年第4四半期,改装済,,7.146128035678238
39000436,中古マンション等,,39201,高知県,高知市,愛宕山,高知,16,３ＬＤＫ,80,,,,平成20年,ＲＣ,住宅,住宅,,,,第１種中高層住居専用地域,60.0,200.0,2020年第2四半期,未改装,,7.477121254719663
39003786,中古マンション等,,39201,高知県,高知市,南御座,高知,25,,70,,,,,ＲＣ,住宅,住宅,,,,,,,2016年第3四半期,,,7.176091259055681
39013911,中古マンション等,,39201,高知県,高知市,鷹匠町,入明,20,３ＬＤＫ,70,,,,昭和63年,ＳＲＣ,住宅,,,,,商業地域,80.0,400.0,2010年第4四半期,未改装,,7.079181246047625
39020553,中古マンション等,,39201,高知県,高知市,上町,円行寺口,18,１Ｋ,25,,,,平成3年,ＲＣ,住宅,,,,,第１種住居地域,60.0,200.0,2012年第1四半期,未改装,,6.491361693834273
39000994,中古マンション等,,39201,高知県,高知市,追手筋,高知,18,３ＬＤＫ,65,,,,昭和55年,ＳＲＣ,,住宅,,,,商業地域,80.0,500.0,2020年第2四半期,,,6.6127838567197355
39003420,中古マンション等,,39201,高知県,高知市,比島町,高知,15,３ＬＤＫ,70,,,,平成5年,ＳＲＣ,住宅,住宅,,,,第１種住居地域,60.0,200.0,2020年第1四半期,改装済,,7.230448921378274
39029654,中古マンション等,,39201,高知県,高知市,南ノ丸町,高知,30分?60分,３ＤＫ,50,,,,昭和49年,ＳＲＣ,住宅,,,,,工業地域,60.0,200.0,2008年第4四半期,未改装,,6.653212513775344
39002671,中古マンション等,,39201,高知県,高知市,縄手町,旭(高知),8,３ＬＤＫ,85,,,,,,,住宅,,,,第１種中高層住居専用地域,60.0,200.0,2018年第1四半期,未改装,,7.301029995663981
39021539,中古マンション等,,39201,高知県,高知市,南御座,高知,25,４ＬＤＫ,80,,,,平成14年,ＲＣ,住宅,,,,,準工業地域,60.0,200.0,2012年第2四半期,未改装,,7.041392685158225
39024627,中古マンション等,,39201,高知県,高知市,六泉寺町,高知,30分?60分,３ＬＤＫ,85,,,,平成10年,ＲＣ,住宅,,,,,第１種住居地域,60.0,200.0,2013年第3四半期,,,7.2552725051033065
39012861,中古マンション等,,39201,高知県,高知市,針木東町,朝倉(ＪＲ),30分?60分,３ＬＤＫ,65,,,,,ＲＣ,住宅,住宅,,,,第１種中高層住居専用地域,60.0,200.0,2014年第4四半期,改装済,,6.763427993562937
39013784,中古マンション等,,39201,高知県,高知市,桟橋通,高知,25,３ＬＤＫ,90,,,,,ＲＣ,住宅,,,,,商業地域,80.0,400.0,2010年第2四半期,未改装,,7.414973347970818
39003430,中古マンション等,,39201,高知県,高知市,比島町,高知,10,２ＬＤＫ,55,,,,平成4年,ＳＲＣ,住宅,住宅,,,,近隣商業地域,80.0,200.0,2018年第3四半期,未改装,,7.079181246047625
39012685,中古マンション等,,39201,高知県,高知市,桜馬場,入明,11,２ＬＤＫ,45,,,,平成4年,ＳＲＣ,住宅,住宅,,,,近隣商業地域,80.0,300.0,2014年第4四半期,,,7.041392685158225
39026617,中古マンション等,,39201,高知県,高知市,北本町,高知,,４ＬＤＫ,90,,,,平成7年,ＲＣ,住宅,,,,,,,,2009年第2四半期,未改装,,7.204119982655925
39003442,中古マンション等,,39201,高知県,高知市,比島町,高知,15,３ＬＤＫ,80,,,,平成5年,ＳＲＣ,住宅,住宅,,,,第１種住居地域,60.0,200.0,2017年第1四半期,,,7.176091259055681
39020243,中古マンション等,,39201,高知県,高知市,薊野西町,薊野,5,４ＬＤＫ,95,,,,平成17年,ＳＲＣ,住宅,,,,,第２種住居地域,60.0,200.0,2012年第4四半期,未改装,,7.278753600952829
39002899,中古マンション等,,39201,高知県,高知市,針木東町,朝倉(ＪＲ),30分?60分,３ＬＤＫ,80,,,,平成14年,ＳＲＣ,住宅,住宅,,,,準工業地域,60.0,200.0,2016年第2四半期,改装済,,7.176091259055681
39018335,中古マンション等,,39201,高知県,高知市,北本町,高知,6,３ＬＤＫ,105,,,,平成21年,ＲＣ,住宅,住宅,,,,近隣商業地域,80.0,300.0,2015年第1四半期,未改装,,7.477121254719663
39018277,中古マンション等,,39201,高知県,高知市,鴨部,朝倉(ＪＲ),30分?60分,３ＬＤＫ,80,,,,平成14年,ＳＲＣ,住宅,住宅,,,,準工業地域,60.0,200.0,2015年第1四半期,未改装,,7.113943352306837
39003704,中古マンション等,,39201,高知県,高知市,升形,高知,28,１ＤＫ,30,,,,,ＳＲＣ,住宅,住宅,,,,,,,2017年第2四半期,未改装,,7.041392685158225
39013506,中古マンション等,,39201,高知県,高知市,上町,円行寺口,16,１Ｋ,25,,,,平成3年,ＲＣ,住宅,,,,,第１種住居地域,60.0,200.0,2010年第4四半期,未改装,,6.544068044350276
39020508,中古マンション等,,39201,高知県,高知市,帯屋町,高知,18,２ＬＤＫ,85,,,,平成21年,ＲＣ,住宅,,,,,商業地域,80.0,500.0,2012年第3四半期,改装済,,7.491361693834273
39015962,中古マンション等,,39201,高知県,高知市,鴨部,高知商業前,23,２ＬＤＫ,60,,,,平成14年,ＳＲＣ,住宅,,,,,準工業地域,60.0,200.0,2011年第3四半期,改装済,,6.982271233039568
39003463,中古マンション等,,39201,高知県,高知市,一ツ橋町,高知,20,３ＬＤＫ,60,,,,平成6年,ＲＣ,住宅,住宅,,,,第２種住居地域,60.0,200.0,2016年第1四半期,未改装,,7.0
39026597,中古マンション等,,39201,高知県,高知市,鴨部,,,３ＬＤＫ,70,,,,,ＲＣ,住宅,,,,,,,,2009年第3四半期,未改装,調停・競売等,6.724275869600789
39029400,中古マンション等,,39201,高知県,高知市,針木東町,朝倉(ＪＲ),30分?60分,３ＬＤＫ,80,,,,平成15年,ＳＲＣ,住宅,,,,,準工業地域,60.0,200.0,2008年第1四半期,未改装,,7.2552725051033065
39020827,中古マンション等,,39201,高知県,高知市,桜馬場,入明,11,１ＤＫ,20,,,,平成4年,ＳＲＣ,住宅,,,,,近隣商業地域,80.0,300.0,2012年第1四半期,改装済,,6.505149978319906
39003694,中古マンション等,,39201,高知県,高知市,升形,入明,18,３ＤＫ,50,,,,平成2年,,,住宅,,,,商業地域,,,2020年第1四半期,改装済,,7.146128035678238
39001016,中古マンション等,,39201,高知県,高知市,小津町,入明,6,２ＬＤＫ,60,,,,,ＲＣ,住宅,住宅,,,,,,,2017年第2四半期,未改装,,7.2552725051033065
39029401,中古マンション等,,39201,高知県,高知市,針木東町,朝倉(ＪＲ),30分?60分,３ＬＤＫ,80,,,,平成15年,ＳＲＣ,住宅,,,,,準工業地域,60.0,200.0,2007年第4四半期,未改装,,7.301029995663981
39012584,中古マンション等,,39201,高知県,高知市,鴨部,旭(高知),1,４ＬＤＫ,70,,,,平成6年,ＲＣ,住宅,住宅,,,,準工業地域,60.0,200.0,2014年第2四半期,未改装,,6.929418925714293
39001020,中古マンション等,,39201,高知県,高知市,小津町,入明,7,４ＬＤＫ,100,,,,平成27年,ＲＣ,住宅,住宅,,,,近隣商業地域,80.0,300.0,2016年第3四半期,未改装,,7.6020599913279625
39001185,中古マンション等,,39201,高知県,高知市,上町,円行寺口,16,１Ｋ,20,,,,,ＲＣ,住宅,住宅,,,,第１種住居地域,60.0,200.0,2016年第1四半期,未改装,,6.3222192947339195
39002113,中古マンション等,,39201,高知県,高知市,鷹匠町,高知,21,２ＤＫ,45,,,,昭和63年,ＳＲＣ,,住宅,,,,商業地域,80.0,400.0,2018年第3四半期,,,6.8750612633917
39001745,中古マンション等,,39201,高知県,高知市,栄田町,高知,2,３ＬＤＫ,65,,,,平成29年,ＲＣ,,その他,,,,近隣商業地域,80.0,300.0,2020年第4四半期,未改装,,7.447158031342219
39001240,中古マンション等,,39201,高知県,高知市,鴨部,旭(高知),15,３ＬＤＫ,70,,,,昭和52年,ＳＲＣ,住宅,住宅,,,,第１種中高層住居専用地域,60.0,200.0,2017年第1四半期,,,6.991226075692495
39012608,中古マンション等,,39201,高知県,高知市,北本町,高知,8,２ＬＤＫ,80,,,,平成21年,ＲＣ,住宅,住宅,,,,,,,2014年第2四半期,,,7.278753600952829
39013786,中古マンション等,,39201,高知県,高知市,桟橋通,高知,24,３ＬＤＫ,85,,,,平成20年,ＲＣ,住宅,,,,,商業地域,80.0,400.0,2010年第1四半期,未改装,,7.361727836017593
39012815,中古マンション等,,39201,高知県,高知市,中宝永町,高知,23,２ＬＤＫ,50,,,,平成2年,ＳＲＣ,住宅,住宅,,,,商業地域,80.0,400.0,2014年第2四半期,改装済,,6.9084850188786495
39028917,中古マンション等,,39201,高知県,高知市,上町,円行寺口,17,１Ｋ,20,,,,平成3年,ＲＣ,住宅,,,,,第１種住居地域,60.0,200.0,2008年第4四半期,改装済,,6.6127838567197355
39016968,中古マンション等,,39201,高知県,高知市,六泉寺町,高知,30分?60分,３ＬＤＫ,85,,,,平成10年,ＲＣ,住宅,,,,,第１種住居地域,60.0,200.0,2011年第1四半期,未改装,,7.041392685158225
39029653,中古マンション等,,39201,高知県,高知市,南ノ丸町,高知,30分?60分,２ＤＫ,45,,,,昭和49年,ＳＲＣ,住宅,,,,,工業地域,60.0,200.0,2008年第4四半期,未改装,,6.2552725051033065
39026688,中古マンション等,,39201,高知県,高知市,桟橋通,高知,,３ＬＤＫ,85,,,,平成20年,ＲＣ,住宅,,,,,,,,2009年第2四半期,未改装,,7.361727836017593
39002883,中古マンション等,,39201,高知県,高知市,針木東町,朝倉(ＪＲ),30分?60分,３ＬＤＫ,85,,,,平成15年,ＳＲＣ,,住宅,,,,準工業地域,60.0,200.0,2021年第1四半期,未改装,,7.230448921378274
39024267,中古マンション等,,39201,高知県,高知市,桟橋通,高知,25,４ＬＤＫ,80,,,,,ＳＲＣ,住宅,,,,,商業地域,80.0,400.0,2013年第4四半期,未改装,,6.929418925714293
39015782,中古マンション等,,39201,高知県,高知市,越前町,円行寺口,6,２ＬＤＫ,70,,,,平成22年,ＲＣ,住宅,,,,,近隣商業地域,80.0,300.0,2011年第4四半期,改装済,,7.3979400086720375
39001187,中古マンション等,,39201,高知県,高知市,上町,上町二丁目,4,１Ｋ,20,,,,平成3年,ＲＣ,住宅,住宅,,,,第１種住居地域,60.0,200.0,2016年第2四半期,未改装,,6.4623979978989565
39026455,中古マンション等,,39201,高知県,高知市,愛宕山,高知,15,３ＬＤＫ,75,,,,平成20年,ＲＣ,住宅,,,,,第１種中高層住居専用地域,60.0,200.0,2009年第3四半期,未改装,,7.2552725051033065
39020276,中古マンション等,,39201,高知県,高知市,愛宕山,高知,16,４ＬＤＫ,85,,,,平成20年,ＲＣ,住宅,,,,,第１種中高層住居専用地域,60.0,200.0,2012年第3四半期,未改装,,7.431363764158987
39018595,中古マンション等,,39201,高知県,高知市,鷹匠町,高知,27,２ＬＤＫ,95,,,,平成16年,ＲＣ,住宅,住宅,,,,商業地域,80.0,400.0,2015年第3四半期,未改装,,7.477121254719663
39001348,中古マンション等,,39201,高知県,高知市,北本町,高知,8,４ＬＤＫ,100,,,,平成20年,ＲＣ,住宅,住宅,,,,近隣商業地域,80.0,300.0,2018年第3四半期,未改装,,7.4623979978989565
39003720,中古マンション等,,39201,高知県,高知市,丸ノ内,入明,12,２ＬＤＫ,80,,,,平成17年,ＲＣ,住宅,住宅,,,,商業地域,80.0,400.0,2020年第4四半期,未改装,,7.3979400086720375
39029404,中古マンション等,,39201,高知県,高知市,針木東町,朝倉(ＪＲ),30分?60分,３ＬＤＫ,80,,,,平成15年,ＳＲＣ,住宅,,,,,準工業地域,60.0,200.0,2007年第3四半期,未改装,,7.301029995663981
39018296,中古マンション等,,39201,高知県,高知市,鴨部,旭(高知),15,３ＬＤＫ,70,,,,昭和52年,ＳＲＣ,住宅,住宅,,,,第１種中高層住居専用地域,60.0,200.0,2015年第2四半期,改装済,,6.763427993562937
39000966,中古マンション等,,39201,高知県,高知市,大津,舟戸,4,３ＬＤＫ,75,,,,平成13年,ＲＣ,,,,,,第１種住居地域,60.0,200.0,2017年第4四半期,改装済,,7.176091259055681
39013020,中古マンション等,,39201,高知県,高知市,南ノ丸町,高知,30分?60分,,45,,,,昭和60年,ＳＲＣ,住宅,住宅,,,,工業地域,60.0,200.0,2014年第4四半期,改装済,,6.3979400086720375
39021371,中古マンション等,,39201,高知県,高知市,比島町,高知,15,３ＬＤＫ,70,,,,平成5年,ＳＲＣ,住宅,,,,,第１種住居地域,60.0,200.0,2012年第3四半期,未改装,,7.079181246047625
39020377,中古マンション等,,39201,高知県,高知市,一宮東町,土佐一宮,16,３ＬＤＫ,75,,,,昭和61年,ＲＣ,住宅,,,,,準工業地域,60.0,200.0,2012年第1四半期,未改装,,6.799340549453582
39001212,中古マンション等,,39201,高知県,高知市,鴨部,旭(高知),15,３ＬＤＫ,70,,,,昭和52年,ＳＲＣ,住宅,,,,,第１種中高層住居専用地域,60.0,200.0,2020年第2四半期,未改装,,6.778151250383644
39029408,中古マンション等,,39201,高知県,高知市,針木東町,朝倉(ＪＲ),30分?60分,３ＬＤＫ,80,,,,平成15年,ＳＲＣ,住宅,,,,,準工業地域,60.0,200.0,2007年第2四半期,未改装,,7.278753600952829
39028926,中古マンション等,,39201,高知県,高知市,鴨部,朝倉(ＪＲ),28,３ＬＤＫ,70,,,,昭和52年,ＳＲＣ,住宅,,,,,第１種住居地域,60.0,200.0,2008年第3四半期,未改装,,6.518513939877887
39015781,中古マンション等,,39201,高知県,高知市,永国寺町,高知,12,,60,,,,平成16年,ＲＣ,住宅,,,,,第１種住居地域,60.0,200.0,2011年第3四半期,未改装,,7.146128035678238
39029618,中古マンション等,,39201,高知県,高知市,升形,入明,16,１ＬＤＫ,50,,,,平成2年,ＳＲＣ,住宅,,,,,商業地域,80.0,500.0,2008年第3四半期,未改装,,6.944482672150168
39000964,中古マンション等,,39201,高知県,高知市,大津,舟戸,4,３ＬＤＫ,75,,,,平成13年,ＲＣ,,住宅,,,,第１種住居地域,60.0,200.0,2020年第2四半期,未改装,,7.204119982655925
39000179,中古マンション等,,39201,高知県,高知市,朝倉西町,朝倉(ＪＲ),25,,70,,,,平成3年,ＲＣ,住宅,住宅,,,,第１種住居地域,60.0,200.0,2016年第3四半期,,,7.041392685158225
39016173,中古マンション等,,39201,高知県,高知市,神田,旭(高知),30分?60分,２ＤＫ,35,,,,昭和55年,鉄骨造,住宅,,,,,第１種中高層住居専用地域,60.0,200.0,2011年第1四半期,未改装,,6.146128035678238
39018344,中古マンション等,,39201,高知県,高知市,九反田,高知,22,２ＬＤＫ,55,,,,平成19年,ＲＣ,住宅,住宅,,,,,,,2015年第1四半期,,,7.2552725051033065
39012512,中古マンション等,,39201,高知県,高知市,潮新町,高知,28,３ＬＤＫ,70,,,,平成14年,ＳＲＣ,住宅,住宅,,,,商業地域,80.0,400.0,2014年第4四半期,未改装,,7.204119982655925
39029399,中古マンション等,,39201,高知県,高知市,針木東町,朝倉(ＪＲ),30分?60分,４ＬＤＫ,90,,,,平成15年,ＳＲＣ,住宅,,,,,準工業地域,60.0,200.0,2008年第2四半期,未改装,調停・競売等,7.079181246047625
39016524,中古マンション等,,39201,高知県,高知市,縄手町,旭(高知),9,３ＬＤＫ,80,,,,平成19年,ＲＣ,住宅,,,,,第１種中高層住居専用地域,60.0,200.0,2011年第1四半期,未改装,調停・競売等,7.176091259055681
39020442,中古マンション等,,39201,高知県,高知市,越前町,円行寺口,6,３ＬＤＫ,65,,,,,ＲＣ,住宅,,,,,,,,2012年第2四半期,未改装,,7.3979400086720375
39003722,中古マンション等,,39201,高知県,高知市,丸ノ内,入明,13,３ＬＤＫ,80,,,,,ＲＣ,住宅,住宅,,,,商業地域,80.0,400.0,2019年第1四半期,未改装,,7.301029995663981
39015477,中古マンション等,,39201,高知県,高知市,旭町,旭(高知),7,３ＬＤＫ,70,,,,昭和61年,ＳＲＣ,住宅,,,,,近隣商業地域,80.0,300.0,2011年第2四半期,未改装,,7.079181246047625
39002770,中古マンション等,,39201,高知県,高知市,廿代町,高知,12,,40,,,,平成2年,ＳＲＣ,住宅,住宅,,,,商業地域,80.0,400.0,2019年第2四半期,未改装,,6.763427993562937
39020590,中古マンション等,,39201,高知県,高知市,鴨部,高知商業前,23,３ＬＤＫ,70,,,,平成14年,ＳＲＣ,住宅,,,,,準工業地域,60.0,200.0,2012年第2四半期,未改装,,7.041392685158225
39020444,中古マンション等,,39201,高知県,高知市,越前町,円行寺口,30分?60分,２ＬＤＫ,65,,,,,ＲＣ,住宅,,,,,商業地域,80.0,200.0,2012年第1四半期,,,7.361727836017593
39020771,中古マンション等,,39201,高知県,高知市,神田,旭(高知),28,２ＤＫ,30,,,,昭和59年,鉄骨造,住宅,,,,,第１種中高層住居専用地域,60.0,200.0,2012年第4四半期,改装済,,6.2552725051033065
39015779,中古マンション等,,39201,高知県,高知市,永国寺町,入明,12,２ＬＤＫ,75,,,,平成16年,ＲＣ,住宅,,,,,商業地域,80.0,400.0,2011年第3四半期,未改装,,7.301029995663981
39024406,中古マンション等,,39201,高知県,高知市,縄手町,旭(高知),7,２ＬＤＫ,65,,,,平成19年,ＲＣ,住宅,,,,,第１種中高層住居専用地域,60.0,200.0,2013年第2四半期,,,7.146128035678238
39013487,中古マンション等,,39201,高知県,高知市,葛島,高知,30分?60分,３ＬＤＫ,75,,,,平成15年,ＳＲＣ,住宅,,,,,準工業地域,60.0,200.0,2010年第2四半期,,,7.146128035678238
39018267,中古マンション等,,39201,高知県,高知市,上町,円行寺口,17,１ＤＫ,25,,,,平成3年,ＲＣ,住宅,住宅,,,,第１種住居地域,60.0,200.0,2015年第1四半期,未改装,,6.544068044350276
39015704,中古マンション等,,39201,高知県,高知市,一宮東町,土佐一宮,16,３ＬＤＫ,70,,,,昭和61年,ＲＣ,住宅,,,,,準工業地域,60.0,200.0,2011年第4四半期,改装済,,6.845098040014257
39014212,中古マンション等,,39201,高知県,高知市,針木東町,朝倉(ＪＲ),24,３ＬＤＫ,70,,,,昭和59年,ＲＣ,住宅,,,,,第１種中高層住居専用地域,60.0,200.0,2010年第1四半期,改装済,,6.832508912706237
39016356,中古マンション等,,39201,高知県,高知市,鷹匠町,大橋通,3,２ＤＫ,45,,,,昭和63年,ＳＲＣ,住宅,,,,,商業地域,80.0,400.0,2011年第4四半期,未改装,,6.903089986991944
39001260,中古マンション等,,39201,高知県,高知市,鴨部,高知商業前,18,,70,,,,,ＳＲＣ,住宅,住宅,,,,,,,2017年第4四半期,改装済,,6.959041392321094
39000846,中古マンション等,,39201,高知県,高知市,大谷公園町,朝倉(ＪＲ),25,１ＬＤＫ,70,,,,平成8年,ＲＣ,住宅,住宅,,,,第１種中高層住居専用地域,60.0,200.0,2017年第4四半期,未改装,,6.778151250383644
39015780,中古マンション等,,39201,高知県,高知市,永国寺町,入明,12,２ＬＤＫ,80,,,,平成16年,ＲＣ,住宅,,,,,商業地域,80.0,400.0,2011年第2四半期,未改装,,7.230448921378274
39015790,中古マンション等,,39201,高知県,高知市,越前町,円行寺口,6,３ＬＤＫ,75,,,,平成22年,ＲＣ,住宅,,,,,近隣商業地域,80.0,300.0,2011年第2四半期,改装済,,7.491361693834273
39003652,中古マンション等,,39201,高知県,高知市,本町,高知,15,３ＬＤＫ,70,,,,平成25年,ＲＣ,,住宅,,,,商業地域,80.0,600.0,2020年第3四半期,,,7.477121254719663
39002897,中古マンション等,,39201,高知県,高知市,針木東町,朝倉(ＪＲ),30分?60分,３ＬＤＫ,80,,,,平成15年,ＳＲＣ,住宅,住宅,,,,準工業地域,60.0,200.0,2017年第1四半期,未改装,,7.204119982655925
39012595,中古マンション等,,39201,高知県,高知市,北川添,高知,24,４ＬＤＫ,70,,,,平成15年,ＲＣ,住宅,,,,,準工業地域,60.0,200.0,2014年第3四半期,,,7.079181246047625
39024612,中古マンション等,,39201,高知県,高知市,横浜,高知,1H?1H30,３ＬＤＫ,70,,,,平成14年,ＲＣ,住宅,,,,,工業地域,60.0,200.0,2013年第4四半期,未改装,,7.079181246047625
39001157,中古マンション等,,39201,高知県,高知市,上町,円行寺口,18,１Ｋ,20,,,,平成3年,ＲＣ,住宅,住宅,,,,第１種住居地域,60.0,200.0,2020年第2四半期,未改装,,6.57978359661681
39020950,中古マンション等,,39201,高知県,高知市,鷹匠町,入明,21,３ＬＤＫ,95,,,,平成16年,ＲＣ,住宅,,,,,商業地域,80.0,400.0,2012年第2四半期,,,7.491361693834273
39001586,中古マンション等,,39201,高知県,高知市,神田,旭(高知),2,,30,,,,昭和59年,鉄骨造,,住宅,,,,第１種中高層住居専用地域,60.0,200.0,2019年第1四半期,,,5.929418925714293
39019717,中古マンション等,,39201,高知県,高知市,桟橋通,高知,30分?60分,４ＬＤＫ,80,,,,平成13年,,住宅,住宅,,,,商業地域,80.0,400.0,2021年第2四半期,改装済,,7.204119982655925
39000331,中古マンション等,,39201,高知県,高知市,薊野西町,薊野,5,４ＬＤＫ,95,,,,平成17年,ＳＲＣ,住宅,住宅,,,,第２種住居地域,60.0,200.0,2019年第2四半期,未改装,,7.3979400086720375
39026614,中古マンション等,,39201,高知県,高知市,北本町,高知,7,３ＬＤＫ,80,,,,平成20年,ＲＣ,住宅,,,,,近隣商業地域,80.0,300.0,2009年第3四半期,未改装,,7.301029995663981
39029656,中古マンション等,,39201,高知県,高知市,南ノ丸町,高知,30分?60分,３ＤＫ,50,,,,昭和51年,ＳＲＣ,住宅,,,,,工業地域,60.0,200.0,2008年第1四半期,未改装,,6.477121254719663
39015935,中古マンション等,,39201,高知県,高知市,鴨部,旭駅前通,12,３ＬＤＫ,70,,,,昭和52年,ＳＲＣ,住宅,,,,,第１種住居地域,60.0,200.0,2011年第4四半期,改装済,,6.748188027006201
39012580,中古マンション等,,39201,高知県,高知市,鴨部,旭(高知),19,５ＬＤＫ,85,,,,平成6年,ＲＣ,住宅,住宅,,,,第１種中高層住居専用地域,60.0,200.0,2014年第4四半期,未改装,,7.176091259055681
39001743,中古マンション等,,39201,高知県,高知市,堺町,高知,14,１Ｋ,35,,,,,ＳＲＣ,住宅,住宅,,,,,,,2016年第2四半期,未改装,,5.903089986991944
39029663,中古マンション等,,39201,高知県,高知市,南はりまや町,高知,14,１Ｋ,15,,,,平成3年,ＳＲＣ,住宅,,,,,商業地域,80.0,400.0,2007年第2四半期,未改装,,6.361727836017593
39029398,中古マンション等,,39201,高知県,高知市,針木東町,朝倉(ＪＲ),30分?60分,３ＬＤＫ,80,,,,平成15年,ＳＲＣ,住宅,,,,,準工業地域,60.0,200.0,2008年第2四半期,未改装,,7.204119982655925
39002896,中古マンション等,,39201,高知県,高知市,針木東町,朝倉(ＪＲ),30分?60分,４ＬＤＫ,90,,,,平成15年,ＳＲＣ,,住宅,,,,準工業地域,60.0,200.0,2017年第4四半期,未改装,,7.3222192947339195
39003801,中古マンション等,,39201,高知県,高知市,南はりまや町,高知,13,１Ｋ,20,,,,平成3年,ＳＲＣ,住宅,住宅,,,,商業地域,80.0,400.0,2021年第1四半期,未改装,,6.342422680822207
39003915,中古マンション等,,39201,高知県,高知市,横浜,高知,1H?1H30,３ＬＤＫ,70,,,,平成14年,ＲＣ,住宅,住宅,,,,工業地域,60.0,200.0,2020年第2四半期,未改装,,7.2552725051033065
39000435,中古マンション等,,39201,高知県,高知市,愛宕山,高知,25,３ＬＤＫ,85,,,,平成18年,ＲＣ,住宅,住宅,,,,近隣商業地域,80.0,200.0,2020年第2四半期,改装済,,7.414973347970818
39024512,中古マンション等,,39201,高知県,高知市,一ツ橋町,入明,15,２ＤＫ,55,,,,平成6年,ＲＣ,住宅,,,,,第２種住居地域,60.0,200.0,2013年第1四半期,,,6.892094602690481
39002895,中古マンション等,,39201,高知県,高知市,針木東町,朝倉(ＪＲ),30分?60分,３ＬＤＫ,80,,,,平成15年,ＳＲＣ,住宅,住宅,,,,準工業地域,60.0,200.0,2017年第4四半期,未改装,,7.176091259055681
39020820,中古マンション等,,39201,高知県,高知市,桜井町,高知,13,３ＬＤＫ,65,,,,平成2年,ＳＲＣ,住宅,,,,,近隣商業地域,80.0,300.0,2012年第4四半期,未改装,,6.986771734266245
39003726,中古マンション等,,39201,高知県,高知市,丸ノ内,入明,12,３ＬＤＫ,80,,,,平成17年,ＲＣ,住宅,住宅,,,,商業地域,80.0,400.0,2017年第1四半期,,,7.414973347970818
39016591,中古マンション等,,39201,高知県,高知市,廿代町,高知,13,１Ｋ,20,,,,平成2年,ＳＲＣ,住宅,,,,,商業地域,80.0,400.0,2011年第2四半期,改装済,,6.544068044350276
39018300,中古マンション等,,39201,高知県,高知市,鴨部,旭(高知),14,３ＬＤＫ,70,,,,,ＳＲＣ,住宅,住宅,,,,,,,2015年第1四半期,未改装,,7.041392685158225
39029657,中古マンション等,,39201,高知県,高知市,南ノ丸町,高知,30分?60分,１ＬＤＫ,40,,,,昭和49年,ＳＲＣ,住宅,,,,,工業地域,60.0,200.0,2007年第4四半期,改装済,,6.361727836017593
39026453,中古マンション等,,39201,高知県,高知市,愛宕山,高知,16,４ＬＤＫ,115,,,,,ＲＣ,住宅,,,,,第１種中高層住居専用地域,60.0,200.0,2009年第4四半期,改装済,,7.556302500767287
39017989,中古マンション等,,39201,高知県,高知市,薊野西町,薊野,5,４ＬＤＫ,95,,,,平成17年,ＳＲＣ,住宅,住宅,,,,第２種住居地域,60.0,200.0,2015年第1四半期,未改装,,7.278753600952829
39024428,中古マンション等,,39201,高知県,高知市,廿代町,高知,12,１Ｋ,20,,,,平成2年,ＳＲＣ,住宅,,,,,商業地域,80.0,400.0,2013年第4四半期,未改装,,6.477121254719663
39000695,中古マンション等,,39201,高知県,高知市,一宮東町,土佐一宮,18,３ＬＤＫ,70,,,,平成14年,ＳＲＣ,住宅,住宅,,,,準工業地域,60.0,200.0,2021年第1四半期,未改装,,7.079181246047625
39018633,中古マンション等,,39201,高知県,高知市,唐人町,菜園場町,5,３ＬＤＫ,85,,,,平成11年,ＲＣ,住宅,住宅,,,,商業地域,80.0,400.0,2015年第4四半期,未改装,,7.2552725051033065
39015920,中古マンション等,,39201,高知県,高知市,鴨部,朝倉(ＪＲ),30分?60分,３ＬＤＫ,70,,,,平成9年,ＲＣ,住宅,,,,,準工業地域,60.0,200.0,2011年第3四半期,改装済,調停・競売等,6.8512583487190755
39024398,中古マンション等,,39201,高知県,高知市,中宝永町,高知,21,３ＬＤＫ,60,,,,平成2年,ＳＲＣ,住宅,,,,,商業地域,80.0,400.0,2013年第1四半期,改装済,,6.954242509439325
39000273,中古マンション等,,39201,高知県,高知市,旭町,旭(高知),6,３ＬＤＫ,70,,,,昭和61年,ＳＲＣ,,住宅,,,,近隣商業地域,80.0,200.0,2020年第4四半期,改装済,,7.176091259055681
39029406,中古マンション等,,39201,高知県,高知市,針木東町,朝倉(ＪＲ),30分?60分,３ＬＤＫ,80,,,,平成15年,ＳＲＣ,住宅,,,,,準工業地域,60.0,200.0,2007年第3四半期,未改装,,7.301029995663981
39003448,中古マンション等,,39201,高知県,高知市,比島町,高知,15,４ＬＤＫ,75,,,,平成5年,ＳＲＣ,住宅,,,,,第１種住居地域,60.0,200.0,2016年第1四半期,改装済,,7.204119982655925
39019423,中古マンション等,,39201,高知県,高知市,帯屋町,高知,16,３ＬＤＫ,85,,,,平成21年,ＲＣ,住宅,住宅,,,,商業地域,80.0,500.0,2021年第2四半期,改装済,,7.447158031342219
39019842,中古マンション等,,39201,高知県,高知市,鷹匠町,高知,21,３ＬＤＫ,95,,,,平成16年,ＲＣ,住宅,住宅,,,,商業地域,80.0,400.0,2021年第2四半期,,,7.568201724066995
39001375,中古マンション等,,39201,高知県,高知市,九反田,高知,24,１ＬＤＫ,80,,,,,,,住宅,,,,第１種住居地域,60.0,200.0,2018年第3四半期,未改装,,7.447158031342219
39013023,中古マンション等,,39201,高知県,高知市,南ノ丸町,高知,30分?60分,３ＤＫ,50,,,,昭和51年,ＳＲＣ,住宅,住宅,,,,工業地域,60.0,200.0,2014年第3四半期,未改装,,6.518513939877887
39024012,中古マンション等,,39201,高知県,高知市,北川添,高知,24,３ＬＤＫ,60,,,,平成15年,ＲＣ,住宅,,,,,準工業地域,60.0,200.0,2013年第2四半期,未改装,調停・競売等,7.041392685158225
39029402,中古マンション等,,39201,高知県,高知市,針木東町,朝倉(ＪＲ),30分?60分,３ＬＤＫ,80,,,,平成15年,ＳＲＣ,住宅,,,,,準工業地域,60.0,200.0,2007年第4四半期,未改装,,7.2552725051033065
39020211,中古マンション等,,39201,高知県,高知市,旭町,旭(高知),5,４ＬＤＫ,80,,,,昭和62年,ＳＲＣ,住宅,,,,,近隣商業地域,80.0,300.0,2012年第4四半期,未改装,,7.079181246047625
39026986,中古マンション等,,39201,高知県,高知市,比島町,土佐一宮,13,４ＬＤＫ,75,,,,平成5年,ＳＲＣ,住宅,,,,,第１種住居地域,60.0,200.0,2009年第4四半期,改装済,,7.0
39013021,中古マンション等,,39201,高知県,高知市,南ノ丸町,高知,30分?60分,オープンフロア,480,,,,,ＳＲＣ,事務所,,,,,,,,2014年第3四半期,未改装,調停・競売等,5.278753600952829
39028840,中古マンション等,,39201,高知県,高知市,大谷公園町,朝倉(ＪＲ),25,４ＬＤＫ,70,,,,平成8年,ＲＣ,住宅,,,,,第１種中高層住居専用地域,60.0,200.0,2008年第1四半期,未改装,,6.968482948553935
39001655,中古マンション等,,39201,高知県,高知市,神田,旭(高知),30分?60分,,35,,,,昭和54年,鉄骨造,住宅,住宅,,,,第１種中高層住居専用地域,60.0,200.0,2016年第1四半期,未改装,,5.477121254719663
39020434,中古マンション等,,39201,高知県,高知市,永国寺町,入明,12,２ＬＤＫ,75,,,,平成16年,ＲＣ,住宅,,,,,第１種住居地域,60.0,200.0,2012年第2四半期,未改装,,7.278753600952829
39018294,中古マンション等,,39201,高知県,高知市,鴨部,旭(高知),21,３ＬＤＫ,70,,,,平成6年,ＲＣ,住宅,住宅,,,,準工業地域,60.0,200.0,2015年第2四半期,未改装,,7.079181246047625
39000329,中古マンション等,,39201,高知県,高知市,薊野西町,薊野,5,４ＬＤＫ,95,,,,平成17年,ＳＲＣ,,住宅,,,,第２種住居地域,60.0,200.0,2019年第4四半期,未改装,,7.380211241711606
39023978,中古マンション等,,39201,高知県,高知市,上町,円行寺口,16,１Ｋ,25,,,,平成3年,ＲＣ,住宅,,,,,第１種住居地域,60.0,200.0,2013年第3四半期,未改装,,5.505149978319906
39001750,中古マンション等,,39201,高知県,高知市,栄田町,高知,2,,60,,,,平成29年,ＲＣ,,その他,,,,近隣商業地域,80.0,300.0,2018年第1四半期,,,7.3979400086720375
39018488,中古マンション等,,39201,高知県,高知市,桜馬場,入明,11,１Ｋ,20,,,,平成4年,ＳＲＣ,住宅,住宅,,,,近隣商業地域,80.0,300.0,2015年第1四半期,未改装,,6.3979400086720375
39001029,中古マンション等,,39201,高知県,高知市,帯屋町,高知,18,２ＬＤＫ,85,,,,,ＲＣ,住宅,住宅,,,,,,,2017年第2四半期,改装済,,7.531478917042255
39029405,中古マンション等,,39201,高知県,高知市,針木東町,朝倉(ＪＲ),30分?60分,３ＬＤＫ,80,,,,平成15年,ＳＲＣ,住宅,,,,,準工業地域,60.0,200.0,2007年第3四半期,未改装,,7.113943352306837
39001235,中古マンション等,,39201,高知県,高知市,鴨部,旭(高知),15,４ＤＫ,70,,,,昭和52年,ＳＲＣ,住宅,住宅,,,,第１種住居地域,60.0,200.0,2017年第4四半期,未改装,,6.681241237375588
39001167,中古マンション等,,39201,高知県,高知市,上町,円行寺口,18,１ＤＫ,25,,,,平成3年,ＲＣ,住宅,住宅,,,,第１種住居地域,60.0,200.0,2019年第1四半期,未改装,,6.633468455579586
39019013,中古マンション等,,39201,高知県,高知市,比島町,高知,14,３ＬＤＫ,60,,,,平成4年,ＳＲＣ,住宅,住宅,,,,,,,2015年第2四半期,,,6.477121254719663
39001210,中古マンション等,,39201,高知県,高知市,鴨部,旭(高知),15,,70,,,,,ＳＲＣ,,住宅,,,,第１種住居地域,60.0,200.0,2020年第3四半期,改装済,,6.954242509439325
39014471,中古マンション等,,39201,高知県,高知市,南御座,高知,26,４ＬＤＫ,90,,,,平成16年,ＲＣ,住宅,,,,,準工業地域,60.0,200.0,2010年第1四半期,未改装,,7.204119982655925
39026428,中古マンション等,,39201,高知県,高知市,旭町,旭(高知),6,３ＬＤＫ,75,,,,昭和62年,ＳＲＣ,住宅,,,,,近隣商業地域,80.0,300.0,2009年第1四半期,改装済,,7.176091259055681
39026454,中古マンション等,,39201,高知県,高知市,愛宕山,高知,16,３ＬＤＫ,85,,,,平成20年,ＲＣ,住宅,,,,,第１種中高層住居専用地域,60.0,200.0,2009年第3四半期,未改装,,7.301029995663981
39026618,中古マンション等,,39201,高知県,高知市,北本町,高知,7,３ＬＤＫ,80,,,,平成20年,ＲＣ,住宅,,,,,近隣商業地域,80.0,300.0,2009年第2四半期,,,7.3222192947339195
39003445,中古マンション等,,39201,高知県,高知市,比島町,高知,15,３ＬＤＫ,70,,,,平成5年,ＳＲＣ,住宅,住宅,,,,第１種住居地域,60.0,200.0,2016年第3四半期,未改装,,7.113943352306837
39015789,中古マンション等,,39201,高知県,高知市,越前町,円行寺口,6,４ＬＤＫ,75,,,,平成22年,ＲＣ,住宅,,,,,近隣商業地域,80.0,300.0,2011年第2四半期,未改装,,7.491361693834273
39001242,中古マンション等,,39201,高知県,高知市,鴨部,旭(高知),15,２ＬＤＫ,70,,,,昭和52年,ＳＲＣ,住宅,,,,,第１種住居地域,60.0,200.0,2016年第4四半期,,,7.079181246047625
39024032,中古マンション等,,39201,高知県,高知市,北本町,高知,10,４ＬＤＫ,85,,,,平成7年,ＲＣ,住宅,,,,,準工業地域,60.0,200.0,2013年第4四半期,未改装,,7.146128035678238
39003669,中古マンション等,,39201,高知県,高知市,本町,高知,15,１ＬＤＫ,55,,,,平成25年,ＲＣ,,,,,,商業地域,80.0,600.0,2017年第4四半期,改装済,,7.361727836017593
39013405,中古マンション等,,39201,高知県,高知市,大谷公園町,朝倉(ＪＲ),25,３ＬＤＫ,65,,,,平成8年,ＲＣ,住宅,,,,,第１種中高層住居専用地域,60.0,200.0,2010年第4四半期,未改装,,6.892094602690481
39000813,中古マンション等,,39201,高知県,高知市,越前町,円行寺口,6,３ＬＤＫ,65,,,,平成22年,ＲＣ,住宅,住宅,,,,近隣商業地域,80.0,300.0,2016年第3四半期,未改装,,7.2552725051033065
39001180,中古マンション等,,39201,高知県,高知市,上町,円行寺口,16,,25,,,,平成3年,ＲＣ,住宅,,,,,第１種住居地域,60.0,200.0,2017年第1四半期,,,6.505149978319906
39000064,中古マンション等,,39201,高知県,高知市,朝倉,朝倉(ＪＲ),30分?60分,,70,,,,昭和62年,ＲＣ,住宅,住宅,,,,第１種中高層住居専用地域,60.0,200.0,2020年第1四半期,未改装,,6.892094602690481
39013915,中古マンション等,,39201,高知県,高知市,高須,高知,30分?60分,４ＬＤＫ,95,,,,平成16年,ＳＲＣ,住宅,,,,,準工業地域,60.0,200.0,2010年第4四半期,未改装,,7.3222192947339195
39026819,中古マンション等,,39201,高知県,高知市,中宝永町,,,３ＬＤＫ,60,,,,,ＳＲＣ,住宅,,,,,,,,2009年第4四半期,未改装,,6.968482948553935
39002123,中古マンション等,,39201,高知県,高知市,高須,高知,30分?60分,３ＬＤＫ,80,,,,平成16年,ＳＲＣ,,住宅,,,,準工業地域,60.0,200.0,2017年第3四半期,未改装,,7.204119982655925
39020319,中古マンション等,,39201,高知県,高知市,南ノ丸町,高知,30分?60分,オープンフロア,480,,,,,ＳＲＣ,事務所,その他,,,,工業地域,60.0,200.0,2020年第4四半期,未改装,調停・競売等,6.230448921378274
39029541,中古マンション等,,39201,高知県,高知市,比島町,高知,12,３ＬＤＫ,70,,,,平成5年,ＳＲＣ,住宅,,,,,,60.0,200.0,2008年第1四半期,改装済,,7.079181246047625
39012986,中古マンション等,,39201,高知県,高知市,二葉町,高知,28,３ＬＤＫ,70,,,,昭和49年,ＳＲＣ,住宅,住宅,,,,準工業地域,60.0,200.0,2014年第4四半期,,,6.763427993562937
39018288,中古マンション等,,39201,高知県,高知市,鴨部,旭(高知),19,,70,,,,,ＳＲＣ,住宅,住宅,,,,第１種住居地域,60.0,200.0,2015年第4四半期,,,6.880813592280791
39002109,中古マンション等,,39201,高知県,高知市,鷹匠町,高知,21,３ＬＤＫ,95,,,,平成16年,ＲＣ,,住宅,,,,商業地域,80.0,400.0,2020年第3四半期,,,7.447158031342219
39029072,中古マンション等,,39201,高知県,高知市,神田,,,２ＤＫ,30,,,,,鉄骨造,住宅,,,,,,,,2007年第3四半期,改装済,,6.301029995663981
39002110,中古マンション等,,39201,高知県,高知市,鷹匠町,高知,21,３ＬＤＫ,60,,,,昭和63年,ＳＲＣ,住宅,住宅,,,,商業地域,80.0,400.0,2020年第2四半期,改装済,,6.991226075692495
39028711,中古マンション等,,39201,高知県,高知市,薊野西町,薊野,5,３ＬＤＫ,75,,,,平成17年,ＲＣ,住宅,,,,,第２種住居地域,60.0,200.0,2008年第2四半期,未改装,調停・競売等,7.113943352306837
39012686,中古マンション等,,39201,高知県,高知市,桜馬場,入明,11,２ＤＫ,40,,,,平成4年,ＳＲＣ,住宅,住宅,,,,近隣商業地域,80.0,300.0,2014年第3四半期,未改装,,6.724275869600789
39001340,中古マンション等,,39201,高知県,高知市,北本町,高知,15,４ＬＤＫ,70,,,,,ＲＣ,,住宅,,,,準工業地域,60.0,200.0,2020年第3四半期,,,6.041392685158225
39001208,中古マンション等,,39201,高知県,高知市,鴨部,旭(高知),15,２ＬＤＫ,70,,,,昭和52年,ＳＲＣ,住宅,住宅,,,,第１種中高層住居専用地域,60.0,200.0,2020年第3四半期,未改装,,7.113943352306837
39024035,中古マンション等,,39201,高知県,高知市,北本町,高知,6,４ＬＤＫ,75,,,,昭和59年,ＳＲＣ,住宅,,,,,商業地域,80.0,400.0,2013年第2四半期,未改装,,6.763427993562937
39014438,中古マンション等,,39201,高知県,高知市,みづき,円行寺口,28,３ＬＤＫ,75,,,,平成16年,ＳＲＣ,住宅,,,,,第１種住居地域,60.0,200.0,2010年第2四半期,未改装,,7.146128035678238
39019257,中古マンション等,,39201,高知県,高知市,吉田町,高知,18,３ＬＤＫ,70,,,,平成14年,ＲＣ,住宅,住宅,,,,第１種中高層住居専用地域,60.0,200.0,2015年第4四半期,未改装,,7.204119982655925
39015927,中古マンション等,,39201,高知県,高知市,鴨部,旭(高知),15,３ＬＤＫ,70,,,,昭和52年,ＳＲＣ,住宅,,,,,第１種住居地域,60.0,200.0,2011年第2四半期,改装済,,6.477121254719663
39003795,中古マンション等,,39201,高知県,高知市,南ノ丸町,高知,30分?60分,オープンフロア,105,,,,,ＳＲＣ,事務所,事務所,,,,工業地域,60.0,200.0,2017年第4四半期,未改装,,6.518513939877887
39003752,中古マンション等,,39201,高知県,高知市,南川添,高知,25,２ＬＤＫ,55,,,,平成31年,,,住宅,,,,準工業地域,60.0,200.0,2019年第4四半期,,,7.3979400086720375
39023857,中古マンション等,,39201,高知県,高知市,大谷公園町,朝倉(ＪＲ),25,４ＬＤＫ,90,,,,平成8年,ＲＣ,住宅,,,,,第１種中高層住居専用地域,60.0,200.0,2013年第2四半期,未改装,,6.954242509439325
39013017,中古マンション等,,39201,高知県,高知市,南御座,高知,25,４ＬＤＫ,90,,,,平成14年,ＲＣ,住宅,住宅,,,,準工業地域,60.0,200.0,2014年第1四半期,未改装,,7.2552725051033065
39026421,中古マンション等,,39201,高知県,高知市,朝倉西町,朝倉(ＪＲ),25,４ＬＤＫ,70,,,,平成3年,ＲＣ,住宅、店舗、その他,,,,,第１種住居地域,60.0,200.0,2009年第3四半期,未改装,調停・競売等,6.903089986991944
39003671,中古マンション等,,39201,高知県,高知市,本町,高知,26,３ＬＤＫ,75,,,,,ＲＣ,住宅,住宅,,,,,,,2017年第3四半期,,,7.4623979978989565
39028841,中古マンション等,,39201,高知県,高知市,大谷公園町,朝倉(ＪＲ),25,４ＬＤＫ,70,,,,平成8年,ＲＣ,住宅,,,,,第１種中高層住居専用地域,60.0,200.0,2008年第1四半期,未改装,,7.0
39029706,中古マンション等,,39201,高知県,高知市,六泉寺町,高知,30分?60分,３ＬＤＫ,75,,,,平成10年,ＲＣ,住宅,,,,,第１種住居地域,60.0,200.0,2008年第2四半期,改装済,,7.146128035678238
39018332,中古マンション等,,39201,高知県,高知市,北本町,高知,16,５ＬＤＫ,85,,,,平成7年,ＲＣ,住宅,住宅,,,,,,,2015年第4四半期,,,7.113943352306837
39021193,中古マンション等,,39201,高知県,高知市,針木東町,朝倉(ＪＲ),30分?60分,１ＬＤＫ,80,,,,平成15年,ＳＲＣ,住宅,,,,,準工業地域,60.0,200.0,2012年第2四半期,改装済,,7.113943352306837
39014210,中古マンション等,,39201,高知県,高知市,針木東町,朝倉(ＪＲ),30分?60分,３ＬＤＫ,80,,,,,ＳＲＣ,住宅,,,,,,,,2010年第3四半期,未改装,,7.146128035678238
39001744,中古マンション等,,39201,高知県,高知市,堺町,高知,13,１ＬＤＫ,30,,,,昭和63年,ＳＲＣ,住宅,住宅,,,,商業地域,80.0,500.0,2016年第1四半期,未改装,,6.6020599913279625
39003443,中古マンション等,,39201,高知県,高知市,比島町,高知,14,４ＬＤＫ,80,,,,平成5年,ＳＲＣ,住宅,住宅,,,,第１種住居地域,60.0,200.0,2017年第1四半期,未改装,,7.146128035678238
39026985,中古マンション等,,39201,高知県,高知市,比島町,高知,13,３ＬＤＫ,65,,,,平成5年,ＳＲＣ,住宅,,,,,第１種住居地域,60.0,200.0,2009年第1四半期,,,7.0
39028966,中古マンション等,,39201,高知県,高知市,北本町,高知,19,４ＬＤＫ,85,,,,平成7年,ＲＣ,住宅,,,,,準工業地域,60.0,200.0,2008年第2四半期,未改装,,7.176091259055681
39001827,中古マンション等,,39201,高知県,高知市,桟橋通,高知,30分?60分,４ＬＤＫ,75,,,,平成13年,ＳＲＣ,住宅,住宅,,,,商業地域,80.0,400.0,2016年第3四半期,未改装,,7.041392685158225
39001742,中古マンション等,,39201,高知県,高知市,堺町,高知,14,１Ｋ,35,,,,,ＳＲＣ,住宅,住宅,,,,,,,2016年第3四半期,改装済,,6.6020599913279625
39018500,中古マンション等,,39201,高知県,高知市,桟橋通,桟橋通五丁目,6,３ＬＤＫ,65,,,,平成13年,ＳＲＣ,住宅,住宅,,,,,,,2015年第1四半期,,,6.973127853599698
39003438,中古マンション等,,39201,高知県,高知市,比島町,高知,10,３ＬＤＫ,65,,,,平成4年,ＳＲＣ,住宅,住宅,,,,近隣商業地域,80.0,200.0,2017年第3四半期,未改装,,7.176091259055681
39026429,中古マンション等,,39201,高知県,高知市,旭町,旭駅前通,2,１ＬＤＫ,60,,,,昭和61年,ＳＲＣ,住宅,,,,,近隣商業地域,80.0,300.0,2009年第4四半期,改装済,,6.903089986991944
39001231,中古マンション等,,39201,高知県,高知市,鴨部,旭(高知),21,４ＬＤＫ＋Ｓ,75,,,,平成6年,ＲＣ,住宅、その他,住宅,,,,準工業地域,60.0,200.0,2018年第2四半期,未改装,,7.0
39020851,中古マンション等,,39201,高知県,高知市,桟橋通,高知,30分?60分,３ＬＤＫ,65,,,,平成13年,ＳＲＣ,住宅,,,,,商業地域,80.0,400.0,2012年第1四半期,未改装,,6.913813852383717
39018290,中古マンション等,,39201,高知県,高知市,鴨部,旭(高知),19,４ＬＤＫ,70,,,,平成6年,ＲＣ,住宅,住宅,,,,第１種中高層住居専用地域,60.0,200.0,2015年第3四半期,未改装,,7.041392685158225
39026621,中古マンション等,,39201,高知県,高知市,北本町,高知,7,４ＬＤＫ,95,,,,平成20年,ＲＣ,住宅,,,,,近隣商業地域,80.0,300.0,2009年第1四半期,,,7.57978359661681
39028719,中古マンション等,,39201,高知県,高知市,薊野西町,薊野,5,４ＬＤＫ,95,,,,平成16年,ＳＲＣ,住宅,,,,,第２種住居地域,60.0,200.0,2007年第3四半期,未改装,,7.380211241711606
39001176,中古マンション等,,39201,高知県,高知市,上町,円行寺口,16,１ＤＫ,20,,,,,ＲＣ,,住宅,,,,第１種住居地域,60.0,200.0,2018年第1四半期,未改装,,6.477121254719663
39002772,中古マンション等,,39201,高知県,高知市,廿代町,高知,13,１ＤＫ,20,,,,,ＳＲＣ,住宅,その他,,,,商業地域,80.0,400.0,2017年第4四半期,未改装,,6.301029995663981
39029044,中古マンション等,,39201,高知県,高知市,神田,旭(高知),30分?60分,２ＤＫ,30,,,,昭和54年,鉄骨造,住宅,,,,,第１種中高層住居専用地域,60.0,200.0,2008年第3四半期,改装済,,7.361727836017593
39019096,中古マンション等,,39201,高知県,高知市,二葉町,知寄町一丁目,2,２ＬＤＫ,60,,,,平成8年,ＳＲＣ,住宅,,,,,準工業地域,60.0,200.0,2015年第4四半期,未改装,,6.778151250383644
39028717,中古マンション等,,39201,高知県,高知市,薊野西町,薊野,5,４ＬＤＫ,95,,,,平成17年,ＳＲＣ,住宅,,,,,第２種住居地域,60.0,200.0,2007年第4四半期,未改装,,7.3222192947339195
39001129,中古マンション等,,39201,高知県,高知市,葛島,高知,30分?60分,３ＬＤＫ,75,,,,平成15年,ＳＲＣ,住宅,住宅,,,,準工業地域,60.0,200.0,2016年第2四半期,未改装,,7.146128035678238
39026983,中古マンション等,,39201,高知県,高知市,比島町,高知,14,３ＬＤＫ,70,,,,平成5年,ＳＲＣ,住宅,,,,,第１種住居地域,60.0,200.0,2009年第2四半期,未改装,調停・競売等,6.778151250383644
39001221,中古マンション等,,39201,高知県,高知市,鴨部,旭(高知),15,３ＬＤＫ,70,,,,昭和52年,ＳＲＣ,住宅,住宅,,,,第１種中高層住居専用地域,60.0,200.0,2019年第3四半期,改装済,,6.698970004336019
39027008,中古マンション等,,39201,高知県,高知市,升形,入明,20,３ＬＤＫ,70,,,,平成3年,ＲＣ,住宅,,,,,第１種住居地域,60.0,200.0,2009年第2四半期,改装済,,7.204119982655925
39003615,中古マンション等,,39201,高知県,高知市,二葉町,知寄町一丁目,2,３ＬＤＫ,70,,,,平成8年,ＳＲＣ,住宅,住宅,,,,準工業地域,60.0,200.0,2016年第3四半期,未改装,,6.7558748556724915
39000965,中古マンション等,,39201,高知県,高知市,大津,舟戸,4,３ＬＤＫ,75,,,,平成13年,ＲＣ,住宅,住宅,,,,第１種住居地域,60.0,200.0,2017年第4四半期,未改装,,7.176091259055681
39013022,中古マンション等,,39201,高知県,高知市,南ノ丸町,高知,30分?60分,２ＤＫ,40,,,,昭和49年,ＳＲＣ,住宅,住宅,,,,工業地域,60.0,200.0,2014年第3四半期,未改装,,6.342422680822207
39026615,中古マンション等,,39201,高知県,高知市,北本町,高知,7,３ＬＤＫ,80,,,,平成20年,ＲＣ,住宅,,,,,近隣商業地域,80.0,300.0,2009年第2四半期,未改装,,7.230448921378274
39012585,中古マンション等,,39201,高知県,高知市,鴨部,旭(高知),15,２ＬＤＫ,60,,,,昭和52年,ＳＲＣ,住宅,住宅,,,,第２種中高層住居専用地域,60.0,150.0,2014年第2四半期,未改装,,6.778151250383644
39003816,中古マンション等,,39201,高知県,高知市,南はりまや町,高知,14,３ＬＤＫ,75,,,,平成3年,ＳＲＣ,住宅,住宅,,,,商業地域,80.0,400.0,2018年第2四半期,未改装,,6.968482948553935
39016809,中古マンション等,,39201,高知県,高知市,比島町,土佐一宮,13,３ＬＤＫ,70,,,,平成5年,ＳＲＣ,住宅,,,,,第１種住居地域,60.0,200.0,2011年第1四半期,未改装,,7.079181246047625
39014155,中古マンション等,,39201,高知県,高知市,廿代町,高知,14,１Ｋ,20,,,,昭和63年,ＳＲＣ,住宅,,,,,商業地域,80.0,400.0,2010年第2四半期,未改装,,6.431363764158987
39001014,中古マンション等,,39201,高知県,高知市,小津町,入明,5,２ＤＫ,60,,,,平成25年,,,住宅,,,,第１種住居地域,60.0,200.0,2018年第4四半期,未改装,,7.361727836017593
39001015,中古マンション等,,39201,高知県,高知市,小津町,入明,5,２ＬＤＫ＋Ｓ,60,,,,平成25年,ＲＣ,住宅,住宅,,,,第１種住居地域,60.0,200.0,2017年第2四半期,未改装,,7.301029995663981
39003614,中古マンション等,,39201,高知県,高知市,二葉町,知寄町一丁目,2,１ＬＤＫ,30,,,,平成8年,ＳＲＣ,,住宅,,,,準工業地域,60.0,200.0,2020年第3四半期,,,6.477121254719663
39013239,中古マンション等,,39201,高知県,高知市,愛宕山,入明,22,４ＬＤＫ,85,,,,平成18年,ＲＣ,住宅,,,,,近隣商業地域,80.0,200.0,2010年第4四半期,未改装,,7.491361693834273
39029318,中古マンション等,,39201,高知県,高知市,中宝永町,高知,23,３ＬＤＫ,55,,,,平成2年,ＳＲＣ,住宅,,,,,商業地域,80.0,400.0,2008年第1四半期,未改装,,7.041392685158225
39019978,中古マンション等,,39201,高知県,高知市,廿代町,高知,12,１Ｋ,20,,,,平成2年,ＳＲＣ,住宅,住宅,,,,商業地域,80.0,400.0,2021年第1四半期,,,6.556302500767287
39028716,中古マンション等,,39201,高知県,高知市,薊野西町,薊野,4,４ＬＤＫ,95,,,,平成17年,ＳＲＣ,住宅,,,,,第２種住居地域,60.0,200.0,2007年第4四半期,未改装,,7.342422680822207
39028930,中古マンション等,,39201,高知県,高知市,鴨部,旭(高知),21,２ＬＤＫ,70,,,,平成14年,ＳＲＣ,住宅,,,,,第１種中高層住居専用地域,60.0,200.0,2008年第4四半期,未改装,,7.041392685158225
39003794,中古マンション等,,39201,高知県,高知市,南ノ丸町,高知,30分?60分,１ＬＤＫ,45,,,,昭和49年,ＳＲＣ,住宅,住宅,,,,工業地域,60.0,200.0,2020年第1四半期,未改装,調停・競売等,6.146128035678238
39019718,中古マンション等,,39201,高知県,高知市,桟橋通,高知,25,２ＬＤＫ,65,,,,昭和59年,,,住宅,,,,商業地域,80.0,400.0,2021年第1四半期,改装済,,6.919078092376074
39029091,中古マンション等,,39201,高知県,高知市,相模町,入明,8,３ＬＤＫ,70,,,,平成15年,ＲＣ,住宅,,,,,第１種中高層住居専用地域,60.0,200.0,2007年第3四半期,未改装,,7.361727836017593
39012863,中古マンション等,,39201,高知県,高知市,針木東町,朝倉(ＪＲ),30分?60分,３ＬＤＫ,80,,,,平成15年,ＳＲＣ,住宅,,,,,準工業地域,60.0,200.0,2014年第1四半期,未改装,,7.079181246047625
39002616,中古マンション等,,39201,高知県,高知市,中宝永町,高知,23,１Ｒ,60,,,,,ＳＲＣ,,住宅,,,,商業地域,80.0,400.0,2020年第3四半期,未改装,,6.812913356642856
39024008,中古マンション等,,39201,高知県,高知市,鴨部,高知商業前,23,３ＬＤＫ,75,,,,平成14年,ＳＲＣ,住宅,,,,,準工業地域,60.0,200.0,2013年第2四半期,未改装,,7.0
39023916,中古マンション等,,39201,高知県,高知市,追手筋,高知,18,３ＬＤＫ,115,,,,昭和55年,ＳＲＣ,住宅,,,,,商業地域,80.0,500.0,2013年第1四半期,未改装,,7.146128035678238
39013782,中古マンション等,,39201,高知県,高知市,桟橋通,高知,23,４ＬＤＫ,85,,,,平成20年,ＲＣ,住宅,,,,,商業地域,80.0,400.0,2010年第2四半期,未改装,,7.361727836017593
39016806,中古マンション等,,39201,高知県,高知市,比島町,高知,14,３ＬＤＫ,65,,,,平成5年,ＳＲＣ,住宅,,,,,第１種住居地域,60.0,200.0,2011年第1四半期,未改装,,7.113943352306837
39003425,中古マンション等,,39201,高知県,高知市,比島町,高知,10,２ＬＤＫ＋Ｓ,65,,,,平成4年,ＳＲＣ,住宅,住宅,,,,近隣商業地域,80.0,200.0,2019年第1四半期,改装済,,7.146128035678238
39028882,中古マンション等,,39201,高知県,高知市,小津町,入明,11,１Ｋ,20,,,,昭和61年,ＲＣ,住宅,,,,,第１種住居地域,60.0,200.0,2007年第3四半期,未改装,,6.57978359661681
39018477,中古マンション等,,39201,高知県,高知市,相模町,高知,19,４ＬＤＫ,85,,,,平成15年,ＲＣ,住宅,住宅,,,,第１種中高層住居専用地域,60.0,200.0,2015年第2四半期,改装済,,7.380211241711606
39001347,中古マンション等,,39201,高知県,高知市,北本町,高知,5,,370,,,,,,,事務所,,,,近隣商業地域,,,2018年第4四半期,,,7.845098040014257
39023709,中古マンション等,,39201,高知県,高知市,愛宕山,高知,16,３ＬＤＫ,80,,,,平成20年,ＲＣ,住宅,,,,,第１種中高層住居専用地域,60.0,200.0,2013年第1四半期,改装済,,7.3222192947339195
39000848,中古マンション等,,39201,高知県,高知市,大谷公園町,朝倉(ＪＲ),30分?60分,３ＬＤＫ,70,,,,,ＲＣ,住宅,その他,,,,第１種中高層住居専用地域,60.0,200.0,2016年第2四半期,未改装,,6.977723605288848
39012589,中古マンション等,,39201,高知県,高知市,鴨部,高知商業前,23,３ＬＤＫ,80,,,,平成14年,ＳＲＣ,住宅,住宅,,,,準工業地域,60.0,200.0,2014年第2四半期,未改装,,7.176091259055681
39023992,中古マンション等,,39201,高知県,高知市,鴨部,旭(高知),16,４ＬＤＫ,70,,,,昭和52年,ＳＲＣ,住宅,,,,,第１種住居地域,60.0,200.0,2013年第3四半期,未改装,,6.477121254719663
39029409,中古マンション等,,39201,高知県,高知市,針木東町,朝倉(ＪＲ),30分?60分,３ＬＤＫ,80,,,,平成15年,ＳＲＣ,住宅,,,,,準工業地域,60.0,200.0,2007年第2四半期,未改装,,7.301029995663981
39012842,中古マンション等,,39201,高知県,高知市,廿代町,高知,12,２ＤＫ,40,,,,平成2年,ＳＲＣ,住宅,,,,,商業地域,80.0,400.0,2014年第1四半期,改装済,,6.8750612633917
39029538,中古マンション等,,39201,高知県,高知市,比島町,高知,12,３ＬＤＫ,80,,,,平成5年,ＳＲＣ,住宅,,,,,第１種住居地域,60.0,200.0,2008年第3四半期,未改装,,7.146128035678238
39001154,中古マンション等,,39201,高知県,高知市,上町,円行寺口,18,,25,,,,平成3年,ＲＣ,,住宅,,,,第１種住居地域,60.0,200.0,2020年第3四半期,,,6.6127838567197355
39013558,中古マンション等,,39201,高知県,高知市,北川添,薊野,15,４ＬＤＫ,85,,,,平成15年,ＲＣ,住宅,,,,,準工業地域,60.0,200.0,2010年第2四半期,未改装,,7.301029995663981
39020584,中古マンション等,,39201,高知県,高知市,鴨部,旭(高知),16,３ＬＤＫ,70,,,,昭和52年,ＳＲＣ,住宅,,,,,第１種住居地域,60.0,200.0,2012年第2四半期,改装済,,6.913813852383717
39028687,中古マンション等,,39201,高知県,高知市,旭町,旭(高知),7,４ＬＤＫ,80,,,,昭和61年,ＳＲＣ,住宅,,,,,近隣商業地域,80.0,300.0,2008年第3四半期,未改装,,7.113943352306837
39001788,中古マンション等,,39201,高知県,高知市,桜馬場,入明,11,１Ｋ,20,,,,平成4年,ＳＲＣ,,住宅,,,,近隣商業地域,80.0,300.0,2018年第4四半期,改装済,,6.477121254719663
39001341,中古マンション等,,39201,高知県,高知市,北本町,高知,14,４ＬＤＫ,75,,,,平成7年,ＲＣ,住宅,,,,,準工業地域,60.0,200.0,2020年第3四半期,未改装,,6.903089986991944
39001754,中古マンション等,,39201,高知県,高知市,相模町,入明,8,２ＬＤＫ,65,,,,平成15年,ＲＣ,住宅,住宅,,,,第１種中高層住居専用地域,60.0,200.0,2018年第2四半期,未改装,,7.278753600952829
39016799,中古マンション等,,39201,高知県,高知市,比島町,高知,10,２ＬＤＫ,55,,,,平成4年,ＳＲＣ,住宅,,,,,近隣商業地域,80.0,300.0,2011年第4四半期,未改装,,6.991226075692495
39019189,中古マンション等,,39201,高知県,高知市,南御座,高知,25,２ＬＤＫ,70,,,,平成14年,ＲＣ,住宅,住宅,,,,,,,2015年第1四半期,,,7.146128035678238
39015432,中古マンション等,,39201,高知県,高知市,朝倉西町,朝倉(ＪＲ),25,４ＬＤＫ,70,,,,平成3年,ＲＣ,住宅,,,,,,,,2011年第1四半期,未改装,,6.8750612633917
39000325,中古マンション等,,39201,高知県,高知市,薊野西町,薊野,5,２ＤＫ,65,,,,平成17年,ＳＲＣ,住宅,住宅,,,,第２種住居地域,60.0,200.0,2020年第3四半期,未改装,,7.204119982655925
39026440,中古マンション等,,39201,高知県,高知市,薊野西町,薊野,5,４ＬＤＫ,95,,,,平成17年,ＲＣ,住宅,,,,,第２種住居地域,60.0,200.0,2009年第3四半期,未改装,,7.2552725051033065
39013562,中古マンション等,,39201,高知県,高知市,北川添,高知,30分?60分,４ＬＤＫ,85,,,,平成15年,ＲＣ,住宅,,,,,準工業地域,60.0,200.0,2010年第2四半期,未改装,,7.230448921378274
39018196,中古マンション等,,39201,高知県,高知市,小津町,入明,6,４ＬＤＫ,80,,,,平成25年,ＲＣ,住宅,住宅,,,,第１種住居地域,60.0,200.0,2015年第3四半期,未改装,,7.447158031342219
39020952,中古マンション等,,39201,高知県,高知市,鷹匠町,高知,21,４ＬＤＫ,80,,,,昭和63年,ＳＲＣ,住宅,,,,,商業地域,80.0,400.0,2012年第3四半期,未改装,,7.113943352306837
39013533,中古マンション等,,39201,高知県,高知市,鴨部,旭(高知),15,３ＬＤＫ,70,,,,昭和52年,ＳＲＣ,住宅,,,,,第１種住居地域,60.0,200.0,2010年第1四半期,改装済,,6.913813852383717
39003434,中古マンション等,,39201,高知県,高知市,比島町,高知,15,３ＬＤＫ,65,,,,,ＳＲＣ,住宅,住宅,,,,第１種住居地域,60.0,200.0,2018年第1四半期,未改装,,6.929418925714293
39012693,中古マンション等,,39201,高知県,高知市,桟橋通,高知,22,３ＬＤＫ,65,,,,昭和59年,ＳＲＣ,住宅,,,,,商業地域,80.0,400.0,2014年第1四半期,未改装,,6.778151250383644
